PG.ProteinGroups,B_manual/A_manual|signal_log2_ratio,B_manual/A_manual|raw_p_value,B_manual/A_manual|adjusted_p_value
A0PJW6,-0.04735115822995977,0.7433455288781039,0.9010067176643469
A1X283,0.04435209898280874,0.8641528263603093,1
L0R6Q1,-0.11653719587000834,0.19118087069150372,0.27133602327604356
O00330,0.0066561228245063855,0.9999289887769577,1
O00487,0.007998962067487705,0.999970871416514,1
O00571,-0.0022888265417981947,1,1
O00622,-0.11812710261831404,0.5998730422797132,0.7532240455692639
O13516,-0.9757784447891623,2.557739087569524e-19,1.1509825894062858e-18
O14561,-0.05294734595107307,0.2831211335476495,0.3925563318469716
O14579,-0.010487806153411813,0.9892581550677797,1
O14657,-0.08204292515935,0.17878666668500603,0.2559203428833944
O14818,-0.006324462635129708,0.999999999468278,1
O14893,-0.044241086862381374,0.41961392163224265,0.5551758135680113
O14929,0.0491309625332467,0.740626985240523,0.8992711245078331
O14949,0.053409726483193545,0.23171360748528286,0.32517791974825405
O14981,-0.026563023275822592,0.990791671220994,1
O15014,0.03211252976922056,0.8549684629604261,0.9945956655027248
O15061,-0.024595727703451385,0.9999999342258644,1
O15091,-0.11640477735994173,0.77958624862728,0.9339968137856481
O15160,0.051497282366413225,0.3551740577509837,0.4774835499103117
O15212,-0.02699961059511463,0.717892734713264,0.8748164178526454
O15355,0.03940055949728992,0.5647038135799567,0.714435885362521
O15400,0.08322525648896661,0.29364691011606736,0.40490945495821035
O15460,-0.0345913277332112,0.9949052541364893,1
O15504,-0.11662557131485242,0.9465599710759323,1
O15511,-0.017951877784196477,0.845499391132629,0.988169195079581
O15533,-0.08547933784620726,0.966154686033675,1
O43172,0.014370037597311043,0.9999983238030412,1
O43324,0.003870158446189493,0.9995832723661402,1
O43665,0.024536672023989615,0.9827404312092904,1
O43678,-0.01571819370231695,0.8676499192121921,1
O43837,-0.03583653646438062,0.5114509064196329,0.6544666716804343
O60231,-0.07431100017218002,0.9482287084284845,1
O60264,-0.028834952291333045,0.9410293135039846,1
O60294,-0.144548781807523,0.99246563129998,1
O60502,-0.07005731876701504,0.9549540057149294,1
O60518,0.07253102117592314,0.675908709557383,0.8340646883947018
O60671,-0.05804463628527161,0.6702707682990747,0.829832755151161
O60828,0.04071241506465075,0.2034188746234784,0.28761859695116465
O60884,-0.02657512535027236,0.994198104706842,1
O60921,-0.3629528458424519,0.9916709517903014,1
O74700,-1.1620957691403142,6.663553880728164e-13,2.082187418447906e-12
O75330,0.1064503614112502,0.33507165979066666,0.45370513933817297
O75352,0.0685297689874127,0.3243315378491251,0.4435580540375205
O75390,-0.0038129453764531853,0.9999336058775885,1
O75419,-0.05019570943321683,0.6598513163979587,0.8189566709712072
O75643,-0.004381883559680026,1,1
O75794,-0.019758729338812682,0.9785272332160881,1
O75821,0.015366150169593496,0.9896178989560414,1
O75915,-0.009159520084680255,0.9273060295972982,1
O94822,-0.2310216338184335,0.01540239539881968,0.02491905305105057
O94855,0.1923788743761375,0.05662667272261502,0.08720275522755161
O95197,0.11125151683464707,0.3683163813565865,0.4933863825124327
O95292,0.037731686191047456,0.6179038103382641,0.7732801223467202
O95563,-0.5070696235413166,0.13200120902451098,0.19393726017970675
O95671,-0.028649998247586916,0.9405416372402737,1
O95674,0.08152340507011022,0.9164043878300574,1
O95999,2.8909069196444133,0.288975475435076,0.39956774570277764
P00045,-2.3010904389136444,0.008150501677335466,0.013476572080346761
P00127,-1.1723681221537516,5.273029840258821e-13,1.6649924054430689e-12
P00330,-0.9949822656117947,1.62310024552705e-45,2.1977654675920325e-44
P00359,-1.0188141883846615,6.270744555452064e-13,1.9635268889259277e-12
P00370,2.4410272447137014,1.32612040982247e-19,5.985462390279796e-19
P00374,-0.08898361150576502,0.11352977049981655,0.16844545415718093
P00387,0.045649187342940184,0.8151138895802793,0.9631416478295282
P00393,2.0600337808526534,9.445942416124937e-30,6.959436985997931e-29
P00424,-1.031080811379434,2.1523889440580693e-17,8.814824476619288e-17
P00448,2.029399829038098,1.294317451590634e-27,8.349180814337865e-27
P00490,1.97783954644645,4.393977689582337e-102,4.402765644961502e-100
P00498,-1.0962156965163166,5.389257001780674e-32,4.331579290736017e-31
P00509,1.8555066357901395,6.155428721326027e-79,2.256490089793419e-77
P00546,-1.0389829125241037,1.0033305165338364e-7,2.3452655775277697e-7
P00562,3.4188673717725013,2.0443307528739235e-4,3.770097081680377e-4
P00582,2.1216895620657956,1.8805336424976967e-34,1.692480278247927e-33
P00724,-1.0711245485177698,5.8788605502060425e-05,1.1213105846395534e-4
P00729,-0.948273281035155,2.7231327269123325e-4,4.9430778847213e-4
P00761,-0.09261379591936388,0.3490321159401154,0.4704890316215188
P00864,1.8955500247317532,1.9086786377251252e-45,2.561378564732914e-44
P00887,2.060472369702071,4.3101747969910736e-13,1.3754124670653044e-12
P00924,-1.0626212119770952,6.167272693342494e-61,1.3433928779846041e-59
P00926,2.178495934975708,4.761322900882893e-16,1.7980573668409516e-15
P00946,1.821357635280912,3.8045123342336176e-28,2.5301690435190826e-27
P00957,1.965914390185337,1.555935949410314e-123,4.677143463927405e-121
P01120,-1.0237522266370815,1.3829507446015262e-18,5.990129594052144e-18
P02309,-1.0559777788374491,1.5606243567527348e-13,5.132644219254619e-13
P02400,-1.077647873835613,2.9348568355577703e-29,2.1005189637349188e-28
P02406,-1.0968061123307704,1.8427533313409198e-27,1.173584007205679e-26
P02533,0.201007454074275,0.1797195219698796,0.25701088631848623
P02749,2.114069869373098,0.33476555531766833,0.45370513933817297
P02925,2.0348638851270024,1.0754461774431843e-65,2.693992674495177e-64
P02942,1.9623820772098028,3.5930488990163195e-93,2.3479793457484904e-91
P02943,1.7456479139981238,6.7173474423088444e-46,9.178339277991084e-45
P03004,1.4580964622207182,0.00637280155449752,0.010618980860764715
P04036,1.617651357285109,3.6169477540191643e-28,2.426907354594109e-27
P04079,1.771388793389201,1.1117512174282534e-49,1.6878404846410756e-48
P04161,-1.074750346665877,2.388224342785134e-4,4.361483824065682e-4
P04216,-0.09900679311963312,0.8002620834932068,0.9485756399765692
P04335,1.3966576666823722,1.0873826133672291e-6,2.3281140568247085e-6
P04406,0.024544317366574087,0.7808974903711458,0.9341151329875468
P04449,-1.0053151807928948,6.234136693461544e-16,2.342476862568175e-15
P04650,0.5020420661450669,0.05763839554717446,0.08866991658894904
P04693,2.311589478316699,4.653008745075637e-34,4.105776270930259e-33
P04801,-1.0846893208102655,1.5828151841677025e-85,7.434285068137677e-84
P04803,-0.7679760723305471,5.6449711127547405e-9,1.4380324716051484e-8
P04840,-1.0828164276432668,8.282331022503724e-58,1.6166679904965064e-56
P04951,1.9685962126693368,7.0629660572428915e-28,4.595514278803492e-27
P05055,1.9537017715005494,7.014153338540134e-94,5.020129746583725e-92
P05318,-1.2887835029629895,1.884751000149739e-9,4.987290058494821e-9
P05374,-1.453920832231314,0.0010093519975826477,0.0017660722379123626
P05459,1.9257992044574075,2.2201348458793872e-34,1.9744749546489464e-33
P05626,-1.0799109176037112,7.635514831926806e-25,4.380220913124424e-24
P05704,1.9373443869858402,8.786279695113579e-66,2.276858341682019e-64
P05706,2.050587552328961,2.1160856980528327e-21,1.0259602594107766e-20
P05719,2.2252890298563415,0.0012636859899049931,0.0021932102111168646
P05743,-1.0727479776671607,3.0011876687425195e-27,1.895287842907566e-26
P06100,-1.1433254251986738,8.043533568258145e-6,1.6293033629504032e-5
P06103,-1.0239238130648933,5.283131465498851e-68,1.556969920126426e-66
P06129,2.0287603733010267,7.881197785898558e-62,1.7679761600306765e-60
P06168,-1.012558298697092,1.3884597466511077e-58,2.7824733322888196e-57
P06627,7.167626158934014,1.4533027666051825e-15,5.380083887210811e-15
P06704,-0.9605849329426454,3.4424255616390896e-13,1.1079155501378054e-12
P06710,1.7607919537661259,4.0790633380473936e-7,9.123262198043501e-7
P06968,1.759852624822961,3.376859777080126e-12,1.019160691757315e-11
P06983,1.8604335308207267,1.406427489213352e-26,8.734960811106067e-26
P06992,1.2556403539744747,2.1399551425173256e-15,7.863942736438974e-15
P06993,2.350371342319914,1.1526392529085758e-16,4.464991745158736e-16
P06996,1.9933480562726298,1.1797428606267424e-95,8.865767597609969e-94
P07004,2.0636120870000694,3.196429210846076e-23,1.6623643958137206e-22
P07012,1.938095672855988,2.12873014678788e-56,3.9993517632777296e-55
P07014,1.968572396353852,5.568004360851175e-66,1.494412598992735e-64
P07024,2.0322112205950202,4.692161943669149e-17,1.8856468987526018e-16
P07143,-1.1934753292519473,5.758393105614531e-17,2.2896467824705396e-16
P07205,-0.5340954172878771,7.480438689241794e-8,1.7733595189164694e-7
P07255,-0.8789156185893011,1.1447559729084583e-6,2.447465472662038e-6
P07260,-1.038462919663288,8.453853765695317e-25,4.831232779406868e-24
P07273,-1.0864532054573157,1.9333205194580922e-33,1.6699889314629382e-32
P07285,-1.23651004861512,2.3006738004610418e-4,4.21696673425969e-4
P07342,-1.0565986765613185,5.645210817502982e-53,1.0022505213984917e-51
P07560,-0.8059870366546503,2.3054961941058358e-14,7.984241427974819e-14
P07806,-1.0326762298225125,2.7414555860735807e-96,2.1686356557203117e-94
P07813,1.9557397657737468,1.7237084579412708e-111,2.5907338122857303e-109
P08018,-1.7094335401665495,0.011458325063697997,0.018739785169464732
P08244,1.6589918102225314,6.561960453767243e-11,1.8750240612190433e-10
P08312,2.046028336765638,1.9134376048367348e-51,3.195440800077347e-50
P08395,4.525544737274531,0.006421283746486259,0.010687917465081779
P08679,-1.004090523606139,5.93876477986505e-13,1.8634579257071334e-12
P08839,1.8922992390618887,2.2797497027799301e-69,6.85292760655647e-68
P08997,2.0070745574812996,8.02140055487261e-22,3.97893235444671e-21
P09053,2.3820965568115113,2.5333680940578212e-17,1.0290952014510553e-16
P09104,-0.048431612936471934,0.9866762651769208,1
P09110,-0.05799149523288842,0.43058154382880665,0.564715584969194
P09147,2.0562687037843954,7.672977095311054e-36,7.440312628550009e-35
P09158,1.7002953355282597,2.606993834634478e-4,4.7379827490394444e-4
P09394,1.901974072051717,2.827035130052629e-73,9.44229733437578e-72
P09436,-1.0676980531602955,1.5454747513354665e-103,1.6591775366122902e-101
P09497,-0.11873297885353302,0.013779707791402184,0.022390163038354036
P09551,1.7371024823885104,8.18731985342651e-39,9.115216103481514e-38
P09601,-0.03855317519908928,0.44468724013384453,0.57967469377378
P09831,2.0398865579628085,5.521809493747609e-51,9.120087548464457e-50
P09884,0.010047686326380114,0.9999999927076058,1
P0A6A8,1.9392703853090827,1.69461102159293e-13,5.561136169113917e-13
P0A6B4,3.0137292835521383,8.7022429742854e-5,1.641087978714047e-4
P0A6C1,1.8583740044200852,2.454030502835136e-10,6.805180527234704e-10
P0A6D3,2.7838192161048307,1.161556279713724e-6,2.4798566596729077e-6
P0A6E6,1.9422538700980363,5.104808655551769e-18,2.1491673415390222e-17
P0A6F5,1.98422249191576,1.3837331047221473e-106,1.7331257136644895e-104
P0A6G3,1.8608909370872944,3.820902463024754e-13,1.224481109152709e-12
P0A6H1,1.9502673191062772,1.216606475109852e-50,1.96619304525818e-49
P0A6H5,1.887772912041699,3.064193600921214e-70,9.798899962094862e-69
P0A6I0,2.2594579144276494,6.171417881370614e-25,3.567554259884628e-24
P0A6J8,1.8978131493819057,3.6124908643573087e-25,2.096360528621249e-24
P0A6K1,4.44999888556012,6.445194721877856e-4,0.0011356538882746092
P0A6K6,1.8786061098366065,2.4915885713131756e-61,5.507143562770151e-60
P0A6L2,1.9601496585844567,1.1538126904643338e-37,1.2299152296226195e-36
P0A6N4,2.084179240909738,3.7229434637713894e-24,2.0647911535233942e-23
P0A6N8,1.7996884423468518,1.780541338714183e-28,1.2219879598572681e-27
P0A6P7,1.8345949395185503,8.987614259196829e-26,5.403353692629133e-25
P0A6R3,1.72447147692509,1.0949422076426137e-12,3.3723322501779683e-12
P0A6S3,2.0237912720305777,1.5236548454823592e-12,4.645138403164272e-12
P0A6U3,2.719570633125268,0.003598590999056237,0.006070350473155471
P0A6V8,2.3984506420369534,2.4758575372007772e-8,6.011654084673293e-8
P0A6X7,1.8850877572358082,2.9883282611704092e-25,1.7408749521469478e-24
P0A6Y1,1.8652690463473953,1.3833674554912788e-5,2.775969673702793e-5
P0A6Y5,1.8482316940690118,4.867430608540002e-22,2.454949061958263e-21
P0A6Z3,1.9584068017209146,1.091325059534645e-138,8.201307822402857e-136
P0A715,2.0222349752528226,5.127798962932266e-35,4.7282710682743534e-34
P0A717,2.002610158214641,2.468486418684487e-57,4.756583445234338e-56
P0A742,2.679328488187902,2.6663875481338424e-10,7.339890997884918e-10
P0A746,1.9375355593294183,6.794883578053555e-22,3.3934057222280095e-21
P0A749,1.8745291351348166,1.5533384217769332e-31,1.2223390826862464e-30
P0A7A7,1.8887541586419319,7.825881922960714e-26,4.7238154739799e-25
P0A7B1,5.894731435326786,2.6134034409234756e-6,5.516777207455033e-6
P0A7B5,2.0071079240860907,3.034140527890082e-23,1.5945151095869905e-22
P0A7C2,2.206747119786851,1.1196201663862162e-14,3.931750257192717e-14
P0A7D1,2.1970764215382843,2.632626171887375e-18,1.1273040274492092e-17
P0A7D7,2.3171204828317897,3.654940853629254e-12,1.1008769745500538e-11
P0A7F6,2.122584520148811,5.4169570431176424e-17,2.165342137182398e-16
P0A7I7,1.5247205784815103,1.9292434747186424e-7,4.43372009556899e-7
P0A7J0,1.8280815160841162,5.680763637412257e-21,2.7019581477945006e-20
P0A7J3,1.9761099394139698,4.67124246393263e-34,4.105776270930259e-33
P0A7J7,1.9901009274845922,1.7989982200240544e-29,1.3062291423652918e-28
P0A7K2,2.208146834395018,5.616571301579192e-19,2.4906730242508995e-18
P0A7L8,2.0740630944816556,1.1261452265842593e-9,3.038772487533468e-9
P0A7M9,2.1794865389668168,2.7347798667043937e-18,1.1677199260388362e-17
P0A7N4,3.0342152734975585,1.1678636525376413e-9,3.144752973175274e-9
P0A7P5,1.8626750306662405,8.316954093962191e-14,2.7965060409899716e-13
P0A7S3,2.0937135964439686,2.288878513422752e-8,5.584714944276617e-8
P0A7T3,1.9417504733997615,5.488833419755678e-28,3.618296767496835e-27
P0A7U3,2.009972017936112,9.041719343797833e-26,5.414224770409619e-25
P0A7V8,1.9657196287589047,1.338204704753161e-50,2.1171807065726327e-49
P0A7X6,1.924763542669691,1.2270332922431314e-18,5.3611367390739145e-18
P0A7Z4,1.953521710073043,2.364348727640585e-49,3.4839373898468616e-48
P0A800,1.919068940827394,2.4889540035450496e-32,2.0442064848788027e-31
P0A805,1.921112580851081,3.7444576305923654e-30,2.84238374685875e-29
P0A830,2.1678679479065854,1.0244601076342271e-18,4.51543560637608e-18
P0A832,2.688304411325288,4.956471587761797e-9,1.2712588389771299e-8
P0A850,1.99156799621545,6.630362222760035e-114,1.2456793026010416e-111
P0A855,2.1187093953517335,1.0062922248285277e-65,2.563486803249622e-64
P0A858,2.0302844225422723,1.429357735497566e-30,1.0960840185983886e-29
P0A862,2.007339606932088,8.475204857484718e-35,7.673634277590079e-34
P0A867,1.8510703211347261,7.990481324399506e-9,2.0150492333175265e-8
P0A879,3.7049599744887605,5.831068212828702e-13,1.833492787422916e-12
P0A881,2.8413745537923307,5.049538612727042e-7,1.1227006708474475e-6
P0A884,1.8420845503824077,2.403700416066037e-13,7.836793330471266e-13
P0A894,1.9268597429810566,1.976299963068212e-12,5.9886670251845215e-12
P0A8A0,2.068245852882292,4.7096636973493745e-17,1.8876332098976293e-16
P0A8A8,3.8547105088894096,2.256042046121101e-8,5.513546659056935e-8
P0A8D0,2.0578489162479,3.829675833639578e-4,6.901681987961973e-4
P0A8E7,1.946881976025512,2.201327370575665e-28,1.5039068354432838e-27
P0A8G6,1.9848639967612316,1.726716494259042e-23,9.235782529791247e-23
P0A8I3,1.5591230670300285,5.574687496591204e-15,2.0141238719655237e-14
P0A8J4,1.9396817472985686,5.5826476968016005e-12,1.6582449581606335e-11
P0A8J8,1.9312474133507878,1.5120181410189375e-38,1.6467849753271472e-37
P0A8N3,1.895866979311822,4.235723937171878e-87,2.053642928248172e-85
P0A8V6,1.550138208751616,8.396446367913083e-10,2.2738484488240295e-9
P0A8W0,2.074526486403535,2.758228739594433e-9,7.2223306543735765e-9
P0A8X2,2.400176542516896,5.891211240435324e-15,2.1233790154374798e-14
P0A910,1.9316387065169032,5.687813127012871e-53,1.0022505213984917e-51
P0A927,1.8935613323690834,5.1678174194706435e-33,4.413198625832032e-32
P0A951,1.39796072038331,7.321465215743753e-7,1.597120786540328e-6
P0A998,1.694829346277249,9.118234424747797e-19,4.030795982469394e-18
P0A9A6,1.94013710365835,3.684856191479511e-81,1.582382530226773e-79
P0A9C3,1.9040494916000659,7.633281236644602e-36,7.440312628550009e-35
P0A9C5,1.9469356321740527,3.284179275337656e-58,6.494896645832233e-57
P0A9D2,1.981134463618523,8.209870126543005e-9,2.066907001707561e-8
P0A9G6,1.9377677495680004,2.722566054461369e-36,2.692116302536472e-35
P0A9G8,0.5673578620556915,0.03629460491302047,0.05706149705467549
P0A9H3,1.4273228380875946,0.06010733008952739,0.09199726794761677
P0A9H7,1.748175097412404,3.892482956657707e-4,6.998088377818821e-4
P0A9H9,1.9208530135594777,3.686541251520002e-43,4.5792326454831095e-42
P0A9K3,1.674588732644122,2.6459423887960776e-37,2.74265614507621e-36
P0A9L5,1.3737144029869415,9.755362419368894e-5,1.831605855743262e-4
P0A9L8,1.6610347852605558,1.1644455443060518e-11,3.411621156124748e-11
P0A9M0,2.0007423617642974,2.5837881176570234e-81,1.142186335540737e-79
P0A9M5,2.088682265516537,4.710441784511216e-12,1.401939406360467e-11
P0A9P0,2.032353234271035,1.0522017756583017e-84,4.7923008145891745e-83
P0A9P6,2.110653756052425,2.2537274066191516e-62,5.1323519578008864e-61
P0A9V1,1.8296334491970945,2.2899567690000154e-27,1.45223840666963e-26
P0A9W3,1.944935304488482,2.892747444546439e-99,2.557529064207822e-97
P0A9Z1,1.679579569353025,1.5469407800114215e-13,5.098798228853435e-13
P0AA25,1.9789503471805037,2.7113944296074457e-24,1.514953839293677e-23
P0AA39,1.5824290084961388,5.8632650021038904e-6,1.2006113485234534e-5
P0AAB4,2.1188601213940137,8.993527472316812e-15,3.210753394511204e-14
P0AAC8,1.6019261368070654,2.027541196225503e-20,9.405538326934972e-20
P0AAH0,1.3507407862129537,7.560844192198277e-7,1.6421891359644523e-6
P0AAI5,1.7792032715542372,1.3888775087346368e-46,1.9509185940450085e-45
P0AAP3,2.4539521389342815,7.83809279358818e-8,1.8493961489423914e-7
P0AAR3,1.866637612751422,2.1374350033520856e-14,7.436492615829131e-14
P0AAS0,2.2514997760631434,1.4888971349236414e-10,4.182826904280809e-10
P0AB61,1.9741739035877546,0.0025385806655830252,0.004321049536094322
P0AB91,1.9406530734815726,9.509030493979508e-26,5.671457473194921e-25
P0ABA4,1.9589699265323643,1.513181929592275e-32,1.2496222198775766e-31
P0ABB0,1.9851701651545275,8.315722457458737e-110,1.1362300775964073e-107
P0ABB4,1.9434613156199494,4.788025043688018e-102,4.4977510254144317e-100
P0ABB8,1.7308996269563957,6.002993151832095e-10,1.6374770793473028e-9
P0ABC3,2.0954354404427122,2.3440347835351727e-38,2.5345930069448666e-37
P0ABD3,1.702853426241346,1.1328017240333699e-16,4.3994857654319247e-16
P0ABD8,1.9567742419273806,2.2914208533703314e-20,1.0596940131124947e-19
P0ABF1,2.361050558216774,4.256932019355842e-27,2.665903677121596e-26
P0ABI8,2.3446531505016184,4.0267841593786624e-24,2.2250943351272535e-23
P0ABW9,1.5487713091531035,4.206626042077596e-12,1.256969968437898e-11
P0AC02,1.999026937529285,8.060001654731491e-42,9.848928851269455e-41
P0AC16,0.7055928026647443,2.536711697439459e-5,4.957968376139801e-5
P0AC38,1.8629475852895356,1.1304415296210829e-69,3.4674563653479337e-68
P0AC41,1.960144993955583,1.0733127533748971e-52,1.8542403084166326e-51
P0AC75,0.5766888840487719,0.051522785612436964,0.07966949256737937
P0AC81,1.6334676981489837,1.7677711779423744e-16,6.795294323394856e-16
P0ACB2,2.2437687036359453,3.119511457695765e-19,1.3995897674378312e-18
P0ACE0,1.926562929681178,1.7257886141665654e-4,3.202296650731294e-4
P0ACE7,2.0615832524176074,5.668417895513667e-16,2.1352461395882312e-15
P0ACF8,2.010601255725933,3.963111677265821e-36,3.8931744123728954e-35
P0ACI0,2.4223227706455606,1.716888311231894e-11,4.9816276675319246e-11
P0ACI6,2.3974431138370296,0.2004147212409165,0.28365374955130607
P0ACJ0,1.6815939590002809,9.658642238278299e-30,7.081433797137699e-29
P0ACL2,2.165924708508516,0.006627960705979796,0.011019717855185435
P0ACN4,2.0742536960606386,2.0918401420923956e-7,4.763690505401319e-7
P0ACN7,2.055955816108793,2.0297896473087354e-9,5.3616411949121776e-9
P0ACQ4,1.6518343024478515,2.3422544587270758e-17,9.566327313768464e-17
P0ACX3,1.7130202636857803,4.065540696275914e-8,9.76119435543562e-8
P0AD12,1.4302819728425846,2.594359248349793e-7,5.86364203048081e-7
P0AD59,1.8319173911620752,1.0288135043215126e-15,3.846534072127446e-15
P0AD61,1.901966518949846,5.2032470714574094e-67,1.4482371015556455e-65
P0AD68,2.7015298889050987,0.05405901698883564,0.08333405388125124
P0ADA3,2.012784476080365,5.330353990888893e-9,1.3625037497119059e-8
P0ADC6,2.0736957555402338,0.012487688395364021,0.020356828262724645
P0ADN6,1.8288014078412387,5.388288396909897e-7,1.1927242209949302e-6
P0ADP0,2.1641962699337403,0.007201717187826633,0.011960420920777272
P0ADP9,2.216952410605743,8.328352919773218e-18,3.467455523107797e-17
P0ADR6,2.7956942041471016,5.930911980148751e-5,1.1298049057241536e-4
P0ADS6,1.858988389306792,3.734458902089776e-33,3.207366702766248e-32
P0ADT5,1.9179754257024064,3.365837200537266e-13,1.087925443528497e-12
P0ADV9,1.4836857235974463,1.2887875512444045e-6,2.7359430642942655e-6
P0ADW3,2.0043697297926264,2.4422879412640926e-31,1.9019475521864928e-30
P0ADX1,3.5943645149181243,1.8894441597876518e-7,4.348904398408638e-7
P0ADX7,1.3933394975937259,0.0018574155354089646,0.0031723813064996297
P0ADY7,2.093435888248735,6.205229539093427e-28,4.072689955134245e-27
P0AE06,1.8970220396370003,3.23067614917553e-55,5.921592990501001e-54
P0AE22,2.0286594402395415,1.3083662758157043e-15,4.855492623582725e-15
P0AE67,1.9459981167379996,6.99491328739967e-30,5.204631025228567e-29
P0AE78,1.8920342264871381,1.1287300685597899e-12,3.4692868978432807e-12
P0AEB2,1.9618895425276368,6.478931848937032e-59,1.3339499409523782e-57
P0AEC3,2.9138103055948448,1.7005192670062953e-18,7.323439708625966e-18
P0AED5,1.1756516248528066,1.9704632869744945e-5,3.896850421477191e-5
P0AEE1,1.955906215782396,2.66429193682566e-35,2.534449861423397e-34
P0AEE3,2.157118742968894,3.481325011989176e-6,7.267265962527404e-6
P0AEI1,1.955422327533832,1.5131524820969979e-49,2.2742681805917878e-48
P0AEK4,1.9824874409051114,7.274630733721581e-47,1.0413114278841464e-45
P0AEN1,1.703528240400951,3.9118805788274326e-30,2.954551010039011e-29
P0AET8,2.2674197653866486,2.1236749228205115e-10,5.910895201850424e-10
P0AEW4,1.6003232595791084,2.2096558250825674e-4,4.055082668008667e-4
P0AEW6,1.725122173359944,6.813326731197764e-12,2.0118723137505384e-11
P0AEW9,1.7680334224233052,2.004681071387494e-4,3.7015179979059013e-4
P0AF03,1.8371706756650654,1.112106928503101e-20,5.223427229813003e-20
P0AF08,2.2320193612237196,8.222297072694398e-24,4.5102600365911246e-23
P0AF18,3.6090615251759885,1.8765332796701938e-10,5.242434050825839e-10
P0AF20,2.869941301534829,2.519167979966106e-10,6.960127709354884e-10
P0AF24,1.8460050931290488,3.4127001206530735e-17,1.3751443113516271e-16
P0AF50,3.176750458680163,8.319804305288432e-8,1.9538540423200802e-7
P0AF54,1.8389280411216178,3.273331732649089e-6,6.842583580210822e-6
P0AF93,1.9525880721238664,3.0873700782781217e-18,1.3145374582583619e-17
P0AFF2,1.8371429954236043,4.876962502274002e-8,1.1635039112567975e-7
P0AFG0,1.8122543006904457,5.754747087268215e-35,5.274015165953736e-34
P0AFG3,1.915553186707929,4.196973703129298e-119,1.051341912633889e-116
P0AFG6,2.053481903007627,1.2642968440536803e-58,2.567889400827948e-57
P0AFI7,1.7907978621170304,8.241836403402878e-13,2.5593967178335797e-12
P0AFJ1,1.6621564977277135,7.615141338901958e-9,1.9301108654923512e-8
P0AFJ7,2.5365239085787206,0.03950894815956331,0.06198533307288481
P0AFL6,1.5531569118408837,2.1082217131953118e-8,5.169098262532714e-8
P0AFX0,2.226815375030351,1.0322146473163603e-14,3.6503967409799755e-14
P0AFX4,1.5203813795040797,1.0244988869305429e-10,2.89440193055753e-10
P0AFX7,1.9766661427714995,6.707487713946905e-14,2.2705752328968915e-13
P0AFX9,3.9028974445097506,8.184940594038171e-5,1.5513197620226193e-4
P0AFZ1,1.327312449741099,1.0567654775197582e-5,2.1283379149913095e-5
P0AFZ3,1.5027587053366847,1.1156584064176936e-14,3.927013079264154e-14
P0AG00,1.5627469480434935,1.631493550260606e-15,6.024901243345678e-15
P0AG14,2.2474720965108133,1.8090347760846993e-9,4.795377898510234e-9
P0AG27,2.075516535727028,1.965507006471318e-23,1.0438717423061452e-22
P0AG30,1.9824134540588993,7.540062305807363e-93,4.5330854582513864e-91
P0AG44,1.9976639766066124,3.763249188905477e-28,2.5138504581888584e-27
P0AG51,1.9705479615246704,3.375009813015898e-16,1.2809696335764885e-15
P0AG63,2.0631291495637596,2.6109723063164687e-9,6.860649259429462e-9
P0AG71,1.3139058466663296,0.0033256871346185463,0.005622618406447328
P0AG80,1.931599675627073,8.285292844673488e-39,9.156467018782538e-38
P0AG82,2.1795283659396203,2.577308416322186e-15,9.44803548715182e-15
P0AG93,2.78455603279398,1.0224792916610958e-12,3.162111883470426e-12
P0AGA2,1.68416603244601,2.472992148940081e-10,6.845132964745749e-10
P0AGD3,2.005413344721146,2.753574743459259e-29,1.9802023155116107e-28
P0AGE9,2.0053789646795304,5.734766789106472e-53,1.0022505213984917e-51
P0AGG0,5.63962677134038,5.5172785022953716e-17,2.1995940554243882e-16
P0AGG2,1.740542983649199,2.3061741957878737e-4,4.2218998980136105e-4
P0AGG8,1.9555880642931176,8.385961539713503e-30,6.208916351817436e-29
P0AGJ2,1.3258416562000779,0.034532953272941876,0.05446277940108252
P0AGK8,1.6093160784937675,1.6109710170511192e-14,5.6309056712275166e-14
P0AGL7,1.494097553722494,3.7294804981610835e-6,7.763724638138655e-6
P0C018,3.720994530717738,1.7803369620938012e-5,3.534803770180956e-5
P0C037,1.9963647389394938,4.045878376947999e-12,1.2113456574806458e-11
P0C079,0.9636399702948365,5.57007542152337e-7,1.229342637085114e-6
P0C0L9,1.6427397671678574,2.706342665983665e-6,5.7049551570455105e-6
P0C0R7,2.4316877211621124,5.350226506055898e-8,1.272371904842091e-7
P0C0S1,1.7525477957948032,9.74059110933386e-15,3.469220008845685e-14
P0C0S5;Q71UI9,0.25978300310186914,0.31245207903770017,0.4280906789367943
P0C0V0,1.9028885491750724,4.4158376923030576e-63,1.0210775463894609e-61
P0C2H8;P0C2H9,-1.1030792994492757,1.4906976582945415e-20,6.958132237318932e-20
P0C2I9,-1.0989552049589766,1.604865133136222e-70,5.243722380660308e-69
P0C5N3,-1.0686440467424552,2.40700184737426e-8,5.853921968614099e-8
P0CK95,4.157441378874672,0.0014533671560223026,0.0025108170523005986
P0CT04,-1.0651584868922448,9.205809903971878e-11,2.6106287331452325e-10
P0CX25;P0CX26,-0.9752240493146804,1.2946150718426697e-9,3.474654380320594e-9
P0CX33;P0CX34,-1.0684245339728318,8.201533281389871e-14,2.763879937652237e-13
P0CX37;P0CX38,-1.0648744522604783,1.1881473473507695e-37,1.2575953965269061e-36
P0DTT0,1.9518687302517608,6.961949502526754e-64,1.6609222384599543e-62
P10026,1.7444169305627721,7.834479682512077e-18,3.270895267448792e-17
P10346,1.976313897605464,1.0382314106249358e-20,4.891729812442879e-20
P10384,1.674176663021229,5.909416422964581e-20,2.7078819767426113e-19
P10408,1.8348694261058611,1.3037478024304814e-93,8.90696794115006e-92
P10614,-1.2372384435566404,9.988694233420229e-6,2.0178773431223928e-5
P10662,-0.8209644286730028,1.5655177098403034e-12,4.763103477510073e-12
P10963,-1.0646376305629204,2.3767775242748855e-41,2.857837295188122e-40
P11075,-1.0829500015916103,3.5673471706629243e-19,1.5910156669158385e-18
P11076,-0.9880313226237508,2.1590764512484966e-34,1.9316023251348155e-33
P11154,-1.093853179906946,3.245481619596359e-14,1.1187979069388365e-13
P11279,-0.006832274508159921,0.9994124115773909,1
P11491,-0.8845550922831716,4.078615087937481e-9,1.053291834565298e-8
P11557,2.0743721000290356,1.5211868533562829e-27,9.770700173480741e-27
P12385,-1.0024080226227599,1.1180230511860036e-32,9.283915170898142e-32
P12694,0.05011067755010812,0.9098200308097949,1
P13009,1.6547322088002323,3.047577287488146e-17,1.2313195330899686e-16
P13029,1.9300375975339394,1.3125655206161328e-79,4.93196494371512e-78
P13298,-1.0537268667667008,2.5003924569633776e-28,1.7004931505954555e-27
P13482,1.1494365254985837,9.852406174579554e-11,2.788731917211501e-10
P13646,-0.3271369635002371,0.9999961859630692,1
P13667,-0.018442094247849036,0.999999999563806,1
P13717,-0.33535142191429496,0.02527764584886404,0.04028876109315234
P13797,-0.012227428390633031,0.9999963919153794,1
P13987,0.03783093073142189,0.9542735536507119,1
P14065,-1.0634478862973482,4.132795605420257e-6,8.544142771590984e-6
P14635,0.03031335219023451,0.9557047726684087,1
P14843,-1.0539301383211046,3.8394891421474e-21,1.837819165811319e-20
P14900,2.225540653434952,6.7076814185852244e-15,2.4118768354386586e-14
P15019,-1.0680959487526107,3.0828134285106064e-50,4.7767717351045785e-49
P15070,1.9758511013827194,5.612820494622902e-12,1.66391897503318e-11
P15274,-0.97552061001092,5.84291158074267e-26,3.5410871394581586e-25
P15288,1.8459453234973229,6.89227544009597e-66,1.8173842081516216e-64
P15924,0.07508189598587903,0.9378180002230749,1
P15977,1.8224178918095846,5.435201311627521e-44,6.982143223398431e-43
P16095,1.6053278550487433,1.3912710571951742e-14,4.8743132842991764e-14
P16456,1.6550472457636942,6.141239638467557e-17,2.435430917313124e-16
P16528,0.6223459576939016,0.588606645862251,0.7409344964245923
P16659,1.9728292019833136,1.0169708782580439e-103,1.1757747923244922e-101
P16703,4.785366143209508,0.0014102683139521986,0.0024391637236710634
P16930,0.009854654641955968,0.999968935784197,1
P16965,-0.8436968486962548,9.770875614875345e-5,1.831605855743262e-4
P16989,0.03544579264011711,0.4984879471881887,0.639818432642056
P17169,1.935692636703057,7.378783628244891e-80,2.9185031034873876e-78
P17252,0.01793950462470981,0.9804282711346106,1
P17275,-0.07178458027675041,0.3297568920438992,0.44852905768505025
P17302,-0.022939846923856325,0.939863299579931,1
P17813,0.025979985494239254,0.9567729119405353,1
P17931,-0.0330147246472721,0.5424579247531721,0.6891921055824326
P17952,1.7150573088867713,1.9147291954095836e-16,7.341423420154602e-16
P17967,-1.1151212259538053,2.6525801033586947e-25,1.5512949009136646e-24
P17993,1.742690928431065,9.021138921434765e-21,4.2772150785225395e-20
P18031,0.015118425974417508,0.9998451667231302,1
P18085,-0.007509279597673867,0.9755613191939462,1
P18133,1.439128140448676,7.53936709961253e-6,1.531306587934815e-5
P18239,-1.0298062846808052,6.542249124105088e-30,4.892040016681566e-29
P18899,-1.121436664745521,5.564720419062221e-37,5.651199182331431e-36
P19097,-1.0351655611597972,7.946912312809692e-199,1.1944209206152967e-195
P19105,-0.0294472407730347,0.8909272739316609,1
P19174,-0.022396411515462757,0.9793411498373537,1
P19388,0.21304862605073932,0.011870385437898328,0.019392597079523028
P19623,0.014968666970021072,0.9999952735777071,1
P19926,1.9562238300964936,4.526663341372677e-43,5.5767008213796173e-42
P20049,-0.9685815457228866,1.0680763921362502e-10,3.0118551920840224e-10
P20083,1.881582052554695,2.7665962011552952e-14,9.559066874336571e-14
P20107,-0.8976459718508191,2.0287872548603776e-6,4.294742597260772e-6
P20433,-1.4850585631262998,5.166516536449826e-7,1.1470124600124208e-6
P20435,-0.2217742157513779,3.487797134639072e-7,7.824118049794812e-7
P20448,-1.1769224395883926,2.9787129953341893e-24,1.6581502340693654e-23
P20585,-0.06441530423271394,0.7553238139942501,0.9125817463290657
P21127;Q9UQ88,-0.04743103391913426,0.6299433896321448,0.7863828194494299
P21151,1.8678755227217971,1.802367446407156e-17,7.421803484794398e-17
P21165,1.8296399377020873,2.197684166839478e-50,3.440749273708058e-49
P21170,1.8138435348947177,9.70049174632976e-47,1.3754565183710971e-45
P21304,-1.145172867708579,1.7123934890968613e-39,1.9797903185481404e-38
P21373,-1.5802782709104286,2.74095598348066e-16,1.0429510995370713e-15
P21513,2.0141216291039594,1.6272029680739625e-88,8.433400210397123e-87
P21576,-1.0613899303557963,7.760605188910379e-67,2.120761745260418e-65
P21645,2.126187723935447,3.1115287105432292e-18,1.321081257611998e-17
P21801,-1.0665887498005897,2.7262814694687057e-28,1.8457662381132723e-27
P21889,1.8919621191296168,1.77496984371659e-76,6.204138779316361e-75
P21954,-0.9822853950608821,7.766347812895454e-68,2.2447732236118975e-66
P22087,0.09485570119383083,0.05952960932626342,0.0912059152062935
P22102,0.019376689495662226,0.9999999999920817,1
P22106,2.1721353939162205,1.9380331034265906e-23,1.0329304093794913e-22
P22135,-1.787743087958987,1.1734000484959742e-6,2.5015890395595026e-6
P22217,-1.073720916259552,1.3843855656214515e-17,5.73204271385411e-17
P22234,0.028433177074433203,0.6640463237988146,0.8228043072296936
P22255,2.0904276941276048,4.450344595995375e-20,2.0455253601776904e-19
P22259,1.8932789471339835,2.4441642922409876e-92,1.4129149735531554e-90
P22333,1.9509574061520762,6.185400831343288e-29,4.344232453041571e-28
P22392,0.10908779950779812,0.6744158836493721,0.8335913430304328
P22523,1.8638762768175283,1.817282748105661e-65,4.477665525250506e-64
P22524,1.940737092563379,7.46870582469205e-17,2.930930771413094e-16
P22634,2.991808439769575,3.1378665636642105e-4,5.675347106121911e-4
P22939,1.9363320569277351,0.009836249224277085,0.016157248725779737
P23180,-1.036848180567552,4.7853513987890886e-27,2.9843913495352697e-26
P23254,-1.0576718207550855,1.0051183237467782e-79,3.8735713861318146e-78
P23291,-1.091564249328012,1.3618509921392393e-11,3.9593555667055894e-11
P23292,-1.087206403677185,1.0402180719298784e-17,4.318916469918805e-17
P23524,1.2425627827096795,4.858610796402428e-4,8.631787265948994e-4
P23594,-2.1642479471434246,1.943747724869792e-6,4.120525853990546e-6
P23634,0.021235643348941943,0.9722897956126382,1
P23641,-1.0340168763894502,2.0093950180314758e-37,2.1119725259449707e-36
P23827,1.7843924699834552,1.604503065034242e-25,9.53188974998603e-25
P23833,-1.0733205154727348,1.6383567856131667e-5,3.265849136308474e-5
P23839,2.0862710165751626,3.460145910486883e-32,2.8111347586279915e-31
P23857,2.0882640208585754,2.1172151463612706e-23,1.1204839313313345e-22
P23865,2.075430790179742,1.0250278274330435e-24,5.813648394837225e-24
P23869,1.8716416120394903,5.4518053142312636e-21,2.6012899642189172e-20
P23894,1.8918175439605374,1.0990690718763154e-18,4.816037361603796e-18
P24031,-1.197076457462946,3.2685791675779067e-6,6.842165026280771e-6
P24202,1.733910438715717,4.124709037091635e-9,1.061547548415878e-8
P24205,1.6003349239947648,3.6262681126104137e-6,7.559335607841126e-6
P24232,1.9144627189977135,1.3445264265209299e-18,5.840529534858259e-18
P24279,-1.096479315325903,4.673014452340905e-8,1.1166201465609508e-7
P24521,-1.2999640720223984,7.605543982828842e-15,2.7281939394252384e-14
P24928,0.07731609473025032,0.1161486700073306,0.1718222943120255
P25087,-0.8807907417425578,6.4196762549579175e-46,8.852085698350228e-45
P25339,-1.353547526429272,2.1765708148681868e-4,4.0041443509753795e-4
P25359,-1.6367674840854014,0.0011490797930304277,0.0020012363023461563
P25375,-1.0357436777051439,8.492952240367523e-39,9.317450523556488e-38
P25382,-1.2823004627668946,0.0028158721043619545,0.004782209912831658
P25385,-1.3834608199228855,7.181103506681777e-8,1.7050866620130666e-7
P25445,-0.3549709791228126,0.07289806113707085,0.11033815295973565
P25553,1.973886028104616,5.1329411116942985e-112,8.572011656529479e-110
P25555,-1.253881912970873,2.781435020462807e-11,8.008614627884288e-11
P25580,-1.0127567005963682,0.02935839571346161,0.046595215160858294
P25582,-1.2279468184053859,6.840635285612956e-7,1.4987572644717598e-6
P25588,-0.0099690958167085,0.9976138533142248,1
P25619,-1.4545262499800382,3.5946674002925253e-9,9.331235065008058e-9
P25635,-1.09720902873122,1.9493555484389074e-13,6.369307368051473e-13
P25644,-1.2255581210109132,1.6510878522122766e-7,3.811958589669818e-7
P25654,-1.031850992845219,2.5944235707450573e-4,4.720845795193488e-4
P25719,-1.0598127205305221,5.136092025194141e-26,3.1253223942780543e-25
P25738,1.96541894508664,2.4163959673016346e-13,7.86113233518259e-13
P25808,-0.06024169222637493,3.219239142602125e-4,5.815524556888214e-4
P26358,0.0017106378488740345,1,1
P26583,0.0033415536013405803,0.9953395536976348,1
P26608,1.3365437492937149,1.0452488553635553e-7,2.435672914126238e-7
P26754,-1.3590835058760606,6.019819875505516e-10,1.6390922595805782e-9
P26755,-0.9126586616099308,5.369229213022735e-7,1.190258334391323e-6
P26784,-1.059055439757317,2.1042669777513125e-18,9.036323621600636e-18
P26786,-1.1165604451589262,3.850511136719564e-12,1.155153341015869e-11
P27105,0.05791257884058312,0.39763415528045515,0.5288886153863045
P27240,1.3850242860449302,4.7172827138264816e-4,8.410528966644367e-4
P27248,1.9290157832280173,4.2998838501599787e-35,4.014115171919533e-34
P27278,2.730481340352391,2.0183371150760684e-11,5.845010951752083e-11
P27302,2.0243969361244982,7.176155210689634e-70,2.2470336003471916e-68
P27303,2.1035791302721694,7.910138967809e-16,2.9648226605029744e-15
P27550,1.905667386055839,8.001978809551902e-88,4.008991383585503e-86
P27707,-0.013278199330634222,0.9997597838995245,1
P27816,-1.343337178571316e-4,1,1
P27828,1.6689295768153136,3.2249823713307497e-15,1.17364370559567e-14
P27838,2.255151917967329,4.4618681826158664e-12,1.3305928330300888e-11
P27848,0.9225340762854234,1.9108782708798516e-8,4.708278755954782e-8
P28240,-1.1450381208130573,3.2218564424379286e-37,3.31674673492069e-36
P28249,0.6894043916783824,0.1013903444189437,0.15133037503641747
P28272,-1.0625776335357842,1.1999596924120726e-23,6.487551862213471e-23
P28273,-0.8270473299030748,5.472786899645765e-7,1.209646869142292e-6
P28274,-1.0578745500554532,1.163568725447655e-40,1.387971265355417e-39
P28321,-0.9846837497183665,6.227886209571722e-11,1.7829548519973904e-10
P28707,-1.0696929065427425,6.617374350935055e-17,2.6104760234791044e-16
P28789,-0.45035483807488297,5.645670341080638e-5,1.0782010829281065e-4
P28834,-0.9887987881713483,9.981261307231137e-36,9.616561374851537e-35
P28861,3.1053765734594734,0.015134059057909887,0.02451130470262776
P29055,-1.5437772426486802,2.7435469614235334e-5,5.348315282775059e-5
P29131,2.2531555383236714,1.6231611295839017e-10,4.5515133913518737e-10
P29453,-1.0147659391250787,7.935073965702968e-8,1.8693442273435048e-7
P29952,-1.0613836766790818,6.049344779392205e-37,6.102124297601668e-36
P30011,2.402885234082807,1.158361575260201e-4,2.1547245638812895e-4
P30040,0.012562528791896437,0.9941677024833726,1
P30048,-0.018669715827990194,0.9687308005489548,1
P30085,-0.007971743220252674,0.9999992324600673,1
P30086,0.02356242701650855,0.9371197243850274,1
P30178,2.243763576547347,4.668855492022192e-9,1.1995367187195478e-8
P30624,-1.0295869233428578,1.640023663551315e-44,2.1434396228848927e-43
P30771,-1.1005610104685655,3.8051908126040326e-7,8.52340058322483e-7
P30859,1.9020421248651724,1.4930925801444166e-36,1.4960787653047055e-35
P30863,1.656010366715757,4.0370769514147946e-9,1.0443591493935346e-8
P30958,1.708570474326583,5.359397346146373e-13,1.688715767559329e-12
P31224,1.9756657659134533,1.0187685030518671e-11,2.9964952252190924e-11
P31539,-1.0804583689753,9.181137920483101e-128,3.449812573621525e-125
P31680,1.625283658086164,0.004967975710390989,0.008305748045292166
P31808,1.227647420465368,4.4914370064626283e-13,1.430218182354519e-12
P31827,2.159961153515096,1.8926118751618585e-10,5.277542946879914e-10
P32157,1.5105940997959393,7.058158157054446e-9,1.794993521159532e-8
P32191,-0.9282005301418075,4.933998490415935e-39,5.534178903802351e-38
P32264,-1.1558136286894973,9.328904413106587e-17,3.6513914929425004e-16
P32319,-0.6892496036984395,5.068108212148053e-4,8.982743682616184e-4
P32331,-1.0992932962902957,3.341986523207361e-8,8.075571936303318e-8
P32386,-0.9859195789254256,7.4345877178715845e-28,4.8164591982590484e-27
P32449,-0.9841075948856304,2.9721029609057536e-21,1.4363571544184398e-20
P32467,-1.2544846084335444,0.0256261447554275,0.04080094869428764
P32468,-0.9832823900031674,3.190819902741377e-21,1.537116126224452e-20
P32477,-0.8775553254783922,0.0032123119674548305,0.00544318476559708
P32481,-1.03235646737987,6.917808752854967e-52,1.1815302904023882e-50
P32590,-1.1280867436474709,1.950902564632269e-25,1.1453931854071485e-24
P32610,-0.935632544659422,8.992321633363022e-4,0.0015752283700401657
P32623,-0.9374254469476564,3.841758157756482e-8,9.238660017772788e-8
P32628,-1.192979951540125,5.082034865189028e-35,4.714999013814265e-34
P32684,2.9065896040851986,8.002529455056771e-7,1.7306189598489678e-6
P32695,2.050035272590345,4.4199906551251825e-16,1.6733617014239672e-15
P32719,0.6700118561547386,0.020663009470400565,0.03307401835358046
P32769,-1.219104664282451,1.5696277187706298e-18,6.779167992276599e-18
P32783,-3.2359705427858865,3.151662105281548e-7,7.080639976439711e-7
P32860,-1.3258881652014076,2.1969921283280863e-24,1.2413831461944036e-23
P32867,-0.9830839300876801,1.0210967546883061e-13,3.410463160658942e-13
P33240,-0.03320970575925164,0.8392968983381506,0.9843164769777737
P33297,-0.9476487429051187,2.0428078653568063e-41,2.4760808238961933e-40
P33299,-1.1593882370319193,3.0321952680938576e-35,2.8662826968207973e-34
P33307,-1.175247308180945,1.241327981584877e-31,9.819557664853e-31
P33330,-1.1337290106341709,4.317675395102985e-40,5.069895405343583e-39
P33417,-1.3782789088617484,4.805263365193915e-6,9.893576490255417e-6
P33418,-0.3379811254827002,0.0017707567334562756,0.003027812708060048
P33602,1.9479242172426856,1.1356486977149785e-96,9.48266662592007e-95
P33607,1.7604225442040216,7.028301149885866e-7,1.535397765738148e-6
P33643,1.2390354631780294,0.004387453541767129,0.007376222229615207
P33754,-0.9074925382628654,2.0250936831535287e-7,4.632748562830675e-7
P33767,-1.1589925095857139,6.733008847902886e-20,3.0759003946498596e-19
P33920,1.717582100093947,1.9752478586764578e-20,9.19132362721584e-20
P34077,-1.028837384509321,1.6580894025026565e-8,4.112390052741737e-8
P34253,-0.6860204379556464,2.577083793830356e-7,5.83336888874552e-7
P35249,0.005855173059471505,0.9999983036908295,1
P35340,1.9124695748591722,4.639712024636205e-81,1.9370797702856157e-79
P35611,0.039473182033266385,0.9788861559532799,1
P35691,-1.0584082280684637,3.504419630442913e-22,1.7734487220726257e-21
P35723,-1.0288605351852549,3.955325681688437e-13,1.2648626594846216e-12
P35728,-1.6087811535932566,0.5224093643162706,0.6665375845223724
P35844,-1.1858497514434734,1.4288781638689316e-28,9.851393946307359e-28
P36008,-1.0259840953233632,1.6394063030410721e-49,2.4396313598720114e-48
P36015,-1.1399933965819513,1.802472050273488e-25,1.0665809021893908e-24
P36046,-1.2778877784118343,9.348559688161895e-7,2.0130208039122246e-6
P36060,-1.08978268917545,9.990743579763482e-29,6.951892407585422e-28
P36095,-1.3521501677317436,7.856679773542611e-9,1.9846369243083265e-8
P36100,-1.2859486855441133,2.1728648807825637e-11,6.280415222723449e-11
P36108,-1.0584539393631132,9.07215681283616e-5,1.708703219259743e-4
P36123,-0.6610395398626066,0.2589941394340773,0.36177341223923626
P36147,-0.48850049749416435,3.654598986691619e-4,6.594072361341541e-4
P36534,-0.21431129904582513,0.270226602291485,0.3757174683109176
P36639,-0.013552416664507523,0.8518884748716871,0.9925491300249191
P37051,1.6965654183422,4.7510619643259616e-24,2.6156945539860513e-23
P37291,-1.0465001386379584,3.641136754683028e-55,6.593528364203123e-54
P37349,2.138387166248339,7.402086134611381e-25,4.262580636138278e-24
P37440,2.0270882280959537,1.889624852610673e-35,1.8089848111298355e-34
P37613,1.6544272863225011,2.902132408037039e-6,6.083549524797307e-6
P37666,1.813039365180636,1.0247799619883027e-22,5.221167060570912e-22
P37747,1.949631750661966,2.3387513671334167e-40,2.7678293738594687e-39
P37773,1.840343729056981,3.8549824979495216e-23,1.9842598268555243e-22
P37902,2.008355814306877,6.376208191662989e-44,8.121560094974129e-43
P38013,-1.017811576450523,4.3279065900191124e-29,3.068322455093739e-28
P38074,-0.8740674606617013,7.679946450890344e-8,1.8149307414604068e-7
P38075,-1.1134156032440516,2.4069861230798152e-26,1.4826639930282634e-25
P38088,-1.1007495346000955,1.4040761481056363e-89,7.536880180724184e-88
P38137,-1.0174972803413977,1.5530109186151074e-21,7.653034133372152e-21
P38143,-1.3649005666265124,2.0519560730563303e-7,4.67995444279767e-7
P38145,-1.211564950488646,3.8832025636078025e-10,1.0650462505661547e-9
P38205,-1.1422789128251074,3.7077139449224366e-39,4.1899955332469344e-38
P38230,-0.9382598042949695,4.232181790604201e-4,7.581608142167002e-4
P38237,-1.0652304314659278,6.127408214355367e-14,2.0788926740803877e-13
P38295,-0.9573930559892342,1.5923465360103357e-22,8.085462309538968e-22
P38353,-0.8729448468905285,1.1739713586466184e-12,3.6009774531548317e-12
P38427,-0.9817125966470809,2.050642390709773e-21,9.97448386160773e-21
P38439,-1.4206792225206355,1.0178545138857966e-21,5.032353073586685e-21
P38521,1.7379740595063362,4.1164050860279785e-9,1.0612275890737653e-8
P38630,-1.0035690592455586,0.0019195274120217451,0.003274744268182387
P38631,-1.1301343208189318,7.367894587286867e-29,5.150672355670773e-28
P38688,-1.0410647801187873,0.0017559034477895447,0.0030058347175713957
P38697,-1.0375810942380785,1.0561193545406741e-4,1.9743126739734244e-4
P38698,-0.4735620274491,3.5854401032868425e-5,6.962424386615147e-5
P38701,-1.0862099809024066,9.929736425093281e-20,4.495299351480482e-19
P38720,-1.0620075600612697,1.1780113410898256e-80,4.7852730963729944e-79
P38737,-1.2625829125539438,9.369649586935891e-14,3.136432812731547e-13
P38747,-1.2219559717247988,2.7113749292790346e-7,6.118913691751334e-7
P38758,-1.1527291941207711,9.303623899171474e-14,3.1212827501015015e-13
P38765,-1.85593520205636,7.663385438663585e-7,1.6620589198140502e-6
P38789,-2.832401254618922,2.8861548674038393e-6,6.058506656016719e-6
P38792,-1.0922859458711276,7.372688704071178e-7,1.605963930756374e-6
P38795,-1.2054205196454757,3.546227901689149e-23,1.8379243228409623e-22
P38817,-1.082244657047418,1.5891127819318813e-17,6.561638767152796e-17
P38840,-1.0085131542524595,7.930012365550914e-51,1.2955226723285895e-49
P38879,-1.1821784619673366,2.0431613182070427e-29,1.4763805102236467e-28
P38890,-4.026874056837467,2.202374872119228e-4,4.04666189828264e-4
P38986,-1.13330291244963,7.840418909143997e-20,3.560166048472335e-19
P39003,-0.9126499941681043,8.3247086194824e-15,2.979056441686202e-14
P39008,-0.38427729193796384,0.1881097917941899,0.26773581161616233
P39015,-1.0593253715052326,9.462780909117171e-21,4.472503052328022e-20
P39079,-1.0880147019336572,1.4099232823318978e-29,1.0286964530800205e-28
P39105,-1.1176771639862233,1.7932049435032317e-27,1.1468880979086627e-26
P39177,1.7002028477069309,8.354450185301504e-7,1.8041291132914023e-6
P39180,1.9378061042213903,8.034540304075196e-129,4.0253046923416735e-126
P39199,1.7429989946870244,9.845318491506748e-17,3.843510050060946e-16
P39325,2.003522960498886,4.5813942748349274e-7,1.0201237918632439e-6
P39337,1.3769389201861058,1.417524517128719e-7,3.277752844991484e-7
P39371,2.1066507741955567,1.3681951335168025e-9,3.659069903337641e-9
P39401,1.9897466924708276,2.6097456826682084e-10,7.197151855138197e-10
P39522,-1.0106695267331927,1.6919565943585598e-74,5.779569912092989e-73
P39676,-1.0653505233220761,6.608024736598981e-61,1.4188373113011813e-59
P39714,-0.7028852037662405,1.1395075852542143e-4,2.122279926440005e-4
P39726,-1.1536187724847196,6.795842464342188e-22,3.3934057222280095e-21
P39742,-1.2043271679555858,9.169315553030505e-7,1.9772569980207817e-6
P39743,-1.1337714966496502,3.836699719556541e-20,1.7688833369611905e-19
P39744,-1.5228448549020346,1.3619340172899465e-11,3.9593555667055894e-11
P39838,5.538326586250632,1.9785667723025256e-5,3.907734374205908e-5
P39925,-1.2597492466297795,1.8750919124105425e-8,4.62768989220533e-8
P39931,-1.2015879052416756,6.548697613407853e-22,3.2918704056695662e-21
P39940,-1.0514561307723875,5.068182726061297e-26,3.096536031410621e-25
P39954,-1.0555833723368153,4.3207935334873877e-47,6.244377577722638e-46
P39976,-0.9513335329736512,6.006671903817145e-35,5.471532043295254e-34
P39984,-0.7294000199210066,2.3477879837133926e-8,5.719165866322899e-8
P39985,-0.914457677046961,8.40469681641095e-9,2.1124179456631533e-8
P40022,-1.5499976831332618,1.5517920155313547e-8,3.8551130567663244e-8
P40037,-1.0684727308980995,2.4249349949882132e-24,1.365047676954039e-23
P40053,-0.8896341658309317,1.97852658504168e-26,1.2237553322294835e-25
P40064,-1.0862039646090744,0.08002159248079711,0.12063435656834308
P40079,-0.9865651498690544,2.6735920553665488e-9,7.012929946275607e-9
P40087,-0.9382963205973297,4.065141824635186e-18,1.7211008908244182e-17
P40091,-0.9375528539593255,9.605176309893104e-5,1.8068310380186901e-4
P40096,-0.6793572505693162,1.9728361174236535e-7,4.5200803117191326e-7
P40106,-0.9806331208268784,1.357200910383364e-23,7.311372646258766e-23
P40120,2.3619893732997834,3.8110636792456074e-13,1.2239377585269548e-12
P40121,0.0450753321557183,0.15297339649906122,0.22128875354965255
P40150,-0.9810619410368672,3.389674739596016e-15,1.2276340080994729e-14
P40154,-1.514052865169724,2.818200529881008e-4,5.10947574959126e-4
P40159,-1.1575309158359814,3.1956345434278888e-15,1.1657860967893487e-14
P40165,-0.7425000314759563,0.0014101902965627325,0.0024391637236710634
P40185,-1.0716367467904457,1.839626320823945e-21,8.982810160822425e-21
P40210,-0.6845140876282226,0.00852216875996487,0.014060175242839956
P40215,-1.0766350012800865,6.142577684330477e-33,5.21598545737215e-32
P40261,0.03687953981453238,0.941108677190506,1
P40312,-0.9542143333852451,9.93757995058181e-13,3.0796252919019507e-12
P40317,-0.661922265995766,0.059035423355704504,0.09054106255471824
P40343,-1.0710486937221053,1.941173716617012e-15,7.150941411949434e-15
P40347,-0.4762739615444125,0.016224222349671864,0.026164169733430054
P40363,-0.947866235745171,2.1667290263735936e-6,4.580300600055572e-6
P40364,-1.1969531347225526,3.3260075540283177e-21,1.597121199266633e-20
P40482,-1.0773002189526735,2.2947788720088507e-39,2.612918670173714e-38
P40485,-1.4749760779956222,5.490607674301114e-4,9.708686275852441e-4
P40487,-5.036143469237176,0.014186881510712377,0.02302687139373726
P40510,-1.0677105917998568,4.541515095421182e-37,4.643467475114311e-36
P40513,-0.9893376552852196,8.990285179603472e-25,5.118332812478795e-24
P40515,-1.1177789659490642,2.1750841967032383e-10,6.042793988253174e-10
P40540,-1.2014217562654301,1.6717262356354627e-9,4.447087667540001e-9
P40564,-1.1880218206639792,1.0672594046574139e-15,3.9705219930695376e-15
P40855,-0.16766884885340402,0.045775257483319266,0.0712217515501334
P40937,-0.027898027517993227,0.9999268283722614,1
P41052,2.0578742402720662,3.056921831290845e-7,6.888386075607406e-7
P41236,0.11600513575569421,0.21019008673725606,0.29607844457928384
P41277,-1.0605718935034179,3.749948880816184e-23,1.9368292673081529e-22
P41567,-0.03970094228473892,0.4864677697491762,0.6270678026869742
P41811,-1.0402687554648817,2.0694680953132652e-67,5.868699145765732e-66
P41818,-1.2426986334221604,3.0359438072100468e-28,2.046198897863991e-27
P41939,-1.1177059826324576,2.5852044829033056e-24,1.449836693210324e-23
P42126,0.06595614560643777,0.4166984696653691,0.5518042289929953
P42167,0.0016930636202342152,0.999996927940546,1
P42330,0.022367191663560444,0.7893166599952718,0.9400498731956366
P42599,1.4943192869849564,2.1121872645571224e-8,5.170386740438689e-8
P42632,1.5864155584807231,1.3128064502653092e-13,4.3461411778607045e-13
P42641,2.101391386183184,1.4895366793746668e-20,6.958132237318932e-20
P42839,-2.4901975863570276,2.329100394405634e-4,4.258683567873075e-4
P42945,-1.2422823990453045,2.2852590358422057e-14,7.932434944274446e-14
P42949,-1.0593967897195284,1.1487520874197937e-8,2.872835919121381e-8
P43321,-1.3711246477270218,4.5245959669481954e-5,8.696250304761046e-5
P43567,-0.9511343781688343,1.2630166668058589e-11,3.686046699435351e-11
P43587,-1.8687744211211874,5.877661803917085e-7,1.2953263476960966e-6
P43590,-0.6955821299043281,2.4378777404403196e-7,5.526591619731222e-7
P43603,-1.10979169233018,1.5062744869379648e-16,5.804950138122464e-16
P43609,-1.529620303407964,1.2763298877677199e-16,4.931423705179648e-16
P43612,-1.0702979405202373,2.501847624504007e-5,4.896193983892608e-5
P43671,1.4951090801438782,5.0595093593159416e-8,1.205141452781594e-7
P43897,-0.026287298680285787,0.9146495701617419,1
P45395,4.7953613480869866,4.104450006704089e-5,7.929290951254815e-5
P45578,2.293908682278198,6.162350186451646e-32,4.926602303317459e-31
P45748,1.8239219140548224,4.508609159433928e-13,1.4326510711689626e-12
P45799,1.036653476785626,7.119263437410793e-11,2.026563058035686e-10
P45978,-1.4484943849831473,7.144073433897167e-22,3.555477606340212e-21
P46063,0.021819720519145012,0.8889391587481781,1
P46130,2.181931541782034,3.454244465875318e-29,2.4605352759291956e-28
P46367,-1.0345254674979505,8.969223908887286e-61,1.8986962725433227e-59
P46672,-1.0636619617417935,2.430380693736715e-31,1.9019475521864928e-30
P46676,-1.4816859264805367,3.1220135786183756e-4,5.6534776007993e-4
P46736,-0.16815322651539816,0.5851027861547243,0.7382340948574689
P46783,-0.09477958449802579,0.8664033317269455,1
P46837,2.1264844375073046,3.693921200559365e-56,6.854276005482378e-55
P46853,1.9089709143175584,5.617685663480073e-19,2.4906730242508995e-18
P46959,-1.062608863585535,1.0054256387533734e-5,2.028395617511839e-5
P46984,-1.17967556826347,1.0269878513544157e-6,2.201943995129368e-6
P46988,-0.9702188065646231,1.3451217542064616e-8,3.347215226113099e-8
P47057,-1.0450740222999642,1.8474726552383372e-12,5.60959878954186e-12
P47068,-1.0721101033985632,5.809952853999291e-93,3.638482974817056e-91
P47096,-1.0038066281338385,9.774089058158905e-33,8.161364363562685e-32
P47116,-1.2538816083874715,3.957071056892562e-14,1.354778541801713e-13
P47127,-0.8233853523702883,1.9894405745458526e-5,3.924054046643591e-5
P47165,-0.8936012357066656,2.8169684803975723e-9,7.363310653978349e-9
P47166,-1.1591522893761015,3.369298907379315e-11,9.6827079498874e-11
P47818,-2.0297840836345693,3.956136343387163e-4,7.104029777910281e-4
P48362,-1.0451015031794513,0.005516595777393805,0.009202489959403872
P48415,-1.2827389935477447,5.197821087830689e-40,6.056065965123664e-39
P48426,0.361538128629698,0.4073580448450059,0.5403875917052461
P48439,-3.1656712732105063,0.024488444907973767,0.03907232770348681
P48589,-1.0592006223091364,6.11888592373639e-18,2.5617508477369902e-17
P48960,0.011675729020604889,0.9985239285664753,1
P49095,-0.9199641400497216,6.0289359790442475e-6,1.2328558879596605e-5
P49321,0.022608834335653222,0.9221957266338763,1
P49406,0.015990476031733467,0.9977853827818537,1
P49454,-0.013407597846828101,0.9999999999999984,1
P49573,-1.1498227340207332,2.7520419133705556e-13,8.914480594387814e-13
P50085,-1.0486561954621636,1.733307711967199e-14,6.044458215978423e-14
P50086,-1.2343517585289798,7.454766192470322e-9,1.8926543221761644e-8
P50087,-1.2798847401166267,7.804613411875397e-9,1.9748036966411988e-8
P50395,0.002102457893028234,1,1
P50454,0.0378752855588647,0.6035048309679223,0.7571517203211914
P50945,-1.9498421935059813,1.861171939443734e-5,3.685561824748263e-5
P51024,2.758188983105237,1.7444345812344054e-8,4.319415445791287e-8
P51149,0.03575677747429394,0.3945722064995712,0.5252808028067808
P51159,-0.053596954154073284,0.8208357550085355,0.9668621785092701
P51601,-0.6952983599147747,2.470122832472294e-9,6.5019170178736576e-9
P51610,0.028172899686973354,0.9889574276107829,1
P51649,1.4636481217955597,0.7479623836562146,0.9058722503104678
P51659,0.04967826714041179,0.18438166382065238,0.2629275528675906
P51784,-0.22740807275456093,0.22829237538897623,0.3212766294097671
P51991,0.07932184949918024,0.7812260293847946,0.9341151329875468
P52061,1.304819206613864,1.365363875397313e-12,4.179515080900532e-12
P52074,3.309591467327852,4.880037403730337e-5,9.355479869651399e-5
P52298,-0.3176831083909585,0.04382786345869404,0.0684042354916066
P52613,2.9648082661260804,1.9391912104083026e-8,4.770219949662322e-8
P52627,1.7519277607911359,8.4013080790741e-11,2.3869879098012047e-10
P52888,-0.07738266466967975,0.6908170802211852,0.8503669709848004
P53011,-1.2220230222303388,6.5431416683959e-6,1.336187761902043e-5
P53075,-1.1625901415602566,8.227191303169196e-34,7.189225888757734e-33
P53090,-1.0304253844801012,1.2630496495687204e-43,1.595263548993098e-42
P53091,-1.275271877951819,4.095210477062694e-6,8.47810102896037e-6
P53131,-1.1147113010361802,2.1476772106310192e-30,1.638557790648945e-29
P53145,-1.3011519534865112,5.481586784526528e-14,1.868214271461082e-13
P53163,-0.9536318229258534,4.351014807022231e-6,8.982933042519799e-6
P53228,-0.5893789888829417,1.9513111353255705e-7,4.477588757853943e-7
P53235,-1.0044773381489305,6.627143085222574e-33,5.595840481510971e-32
P53252,-1.0339696606361921,1.3480628811097967e-51,2.2765601239416e-50
P53254,-0.9122415768074866,0.001591062522625945,0.0027392519719436374
P53312,-1.106055458130149,1.02846121144683e-23,5.600642031900673e-23
P53337,-1.2315820946959701,2.0949652461716257e-8,5.1449881780979636e-8
P53582,0.13067268371418758,0.3627339278716183,0.4863417427217148
P53633,-0.9845043792293399,1.049068169586739e-18,4.610378534762774e-18
P53739,-0.27413266745435494,0.14588040444594616,0.21204859563080958
P53858,-1.320663031093963,1.0731983374719563e-5,2.1564399748935165e-5
P53868,-1.4027079611251954,0.10722686594535401,0.15972445938143418
P53877,-1.230577929327366,2.18769636692518e-5,4.2981799209000595e-5
P53883,-1.2791448807188663,6.90595528705075e-11,1.969573206155081e-10
P53894,-1.485228129512392,4.70887716182813e-5,9.038879149716066e-5
P53903,-1.0374369406214194,1.0713471325958952e-16,4.1715925914290947e-16
P53946,-0.7995776524190746,1.581223070631071e-4,2.937674011320766e-4
P53950,-2.50716768109074,0.06504830786905358,0.099055325964729
P53978,-1.0561508982569963,9.56315970953344e-31,7.37098925304039e-30
P54105,0.004747349501705814,0.9991254612702115,1
P54115,-1.0960987829183506,3.890912091289258e-77,1.3923906840970842e-75
P54252,-0.05977420892854675,0.48217920841612344,0.6220732620166811
P54619,0.028975050885175938,0.9961462133824748,1
P54783,-1.1196737110570982,8.064992641765082e-32,6.413589386546518e-31
P54839,-1.080521361231812,3.9016786748009025e-46,5.429836155764589e-45
P54861,-1.0797912495142155,3.208108762831425e-32,2.620536668769365e-31
P54964,-1.0939922558400679,3.5137827396419176e-8,8.477071360644948e-8
P55072,0.03671237533919876,0.8122052428169729,0.9612161259479609
P55735,0.021472271102479464,0.9848233928612786,1
P56385,-0.012332061528988416,0.9994831604819168,1
P57081,-0.04989095300357803,0.4051148687030642,0.5378866145412593
P60293,1.9203715373997765,1.0480870891155215e-14,3.6978283918794107e-14
P60438,2.0677216257002717,2.2335514921718234e-37,2.3312693699543407e-36
P60723,2.04210539541661,2.3999148089409557e-43,3.005893298198547e-42
P60757,3.562882147032246,2.2359980989809724e-7,5.084274043522544e-7
P60785,1.8573688412690783,1.2395975185679112e-50,1.982037308944224e-49
P60906,1.8459645145352248,1.8705778625487615e-39,2.1461668148173957e-38
P61020,0.6218589092962961,0.02007350615133972,0.03216469056019573
P61073,0.23599553906482762,0.7256983336295193,0.8824632649232746
P61077;P62837,0.023896241459431544,0.6187136806948462,0.7736494692881479
P61086,0.03253122549880345,0.879621237590786,1
P61160,0.03339078674623734,0.9180461683434371,1
P61353,0.025152544555387613,0.9094269434742852,1
P61714,2.0219648920420603,1.260942955070286e-13,4.1836584138424723e-13
P61887,1.8076294655105742,7.859054741439455e-7,1.7020402415538187e-6
P61916,0.31861121208748,1.9206668320110573e-4,3.55512592181357e-4
P62195,-0.012488059393765882,0.9986475358205975,1
P62241,0.07850294162464555,0.8804244835208538,1
P62256,-0.03977501460231396,0.9479250225365125,1
P62269,0.04189018259612043,0.49252809440665385,0.6332504070942693
P62273,-0.11979464397093215,0.8484580458033214,0.9904855024649337
P62306,-0.026049535543315277,0.9858056305027506,1
P62633,0.17259533404977534,0.005161843432181965,0.00862027853174388
P62768,2.091224894955758,4.922680202171171e-29,3.4736095511095164e-28
P62820,0.1610395231602364,0.17303801138528294,0.24863874867311686
P62942,-0.03216406593286072,0.4554988263246363,0.5922272802473428
P63020,2.0334214368507273,1.8953728487999583e-33,1.646673636847594e-32
P63096,-0.038041003610535445,0.9804159349028974,1
P63220,0.07406451732549447,0.18887000959292066,0.26856350465294204
P63241,-0.1154739892301316,0.1863219315887655,0.26544252433925547
P63284,1.9529158248976828,7.430814472574073e-117,1.595502021754119e-114
P63386,2.0875738422978483,1.0012599829078972e-14,3.5492777224305884e-14
P63417,2.272437628371806,3.1720663255485137e-9,8.277110568228152e-9
P64506,1.893770665979856,3.7792173006017216e-12,1.1360327205608774e-11
P64534,4.132343736125403,1.7244408018141175e-10,4.826507495580296e-10
P64559,0.9227859535850698,0.11473366038421422,0.17006379838015184
P64581,1.818399944394319,1.218891705523938e-13,4.0530845871736257e-13
P64596,1.5943018966230504,1.7437486006130897e-21,8.564882832423118e-21
P65556,1.7929595448963969,4.218580861615879e-8,1.011248330942371e-7
P66817,1.5053689364293112,5.758223306162357e-6,1.1823237198308773e-5
P66948,2.6022581348708833,8.576886420777286e-8,2.011085848740758e-7
P67826,4.603233623226563,0.009406407891992097,0.015485028545086661
P67910,1.8891544195779348,1.4903979985901123e-60,3.1112058220568597e-59
P68366,0.04847866462958773,0.13871733806372985,0.20261628679279492
P68679,1.999461332324248,3.52359469345859e-32,2.8472918410044414e-31
P68919,1.9805237708320163,6.3752065125896995e-28,4.1660588645314424e-27
P69222,1.4844882207655032,5.027067233536689e-13,1.5906699056853984e-12
P69228,1.7967227480284693,4.3985374015041254e-8,1.0527072793727231e-7
P69776,1.6111362809056766,4.814728580211328e-13,1.5266955814467567e-12
P69924,1.900249820721107,7.472199280343746e-45,9.851504840663728e-44
P75736,3.9477414524046006,6.941123806642467e-4,0.001221605278850542
P75767,2.264182093928555,5.392446785772403e-9,1.3760352324305472e-8
P75780,2.7248315032073163,5.768363726847396e-6,1.1827899974695273e-5
P75849,2.0936934524533206,7.8848571879289e-23,4.0309320930126315e-22
P75874,2.2780169438689706,1.3851781342735068e-12,4.231550276042846e-12
P75937,1.938936360265404,2.8556101702245725e-44,3.699984556765115e-43
P75959,4.78347303872323,8.840847346017682e-4,0.0015505009989573602
P76014,1.6726729109396037,7.386339894132216e-10,2.0075350562171287e-9
P76027,2.3851464431313745,1.0771708544467358e-10,3.0318123487517674e-10
P76034,1.487869798498573,4.901783360990608e-4,8.698205893233628e-4
P76113,1.3279234744115354,4.832462923846417e-4,8.595493224309072e-4
P76206,1.821650390660659,1.3410375357645328e-18,5.840529534858259e-18
P76231,2.2834436263517333,2.3480528452504384e-7,5.331002154700014e-7
P76270,1.8430021973062902,4.497998491018788e-18,1.8990145314610218e-17
P76290,1.6852686701069621,3.9282024681977926e-14,1.3479653675117083e-13
P76291,1.928520778631778,2.426055392755523e-11,6.998774002517373e-11
P76308,1.9013972702279767,1.2555100465741925e-7,2.9075987673359185e-7
P76346,2.2803831846439,2.9878997391581588e-5,5.8095903078327456e-5
P76403,1.680231142325374,1.4919582711384074e-5,2.985903171133191e-5
P76569,1.86985973282906,2.0973476621812163e-17,8.612878514367125e-17
P76576,1.8965446800662875,3.8621865224053224e-26,2.369333201296e-25
P77173,2.0024517697639923,4.737180059724778e-28,3.136555784038036e-27
P77318,2.4946022627983924,4.081479160498523e-27,2.5667209950750125e-26
P77695,1.842576931807049,6.308610681711186e-17,2.4952215406873453e-16
P77735,2.2639863721966806,4.398229109567689e-23,2.256156434020558e-22
P77737,1.833661593452521,7.876870368049583e-14,2.660435092849106e-13
P78318,-0.053745548273221214,0.5311889734912799,0.6771645692598759
P80235,-0.8967809053013986,1.066023252801664e-9,2.8817139369800378e-9
P82912,-0.04651299982016512,0.9998930870016424,1
P84077,-0.032750121081684125,0.9128639415852162,1
P89105,-0.8329820249377496,9.237467486935125e-12,2.7223360064438224e-11
P89886,-0.9640456979277515,1.5604967934743512e-9,4.158557944311968e-9
P98175,-0.03292887355748397,0.8202316137225388,0.9668621785092701
P99999,-0.0016756552391530583,0.9928466508933089,1
Q00362,-1.4607020582537207,4.7721255588315767e-4,8.498228335217843e-4
Q00653,0.3495181441748999,0.7136766922946814,0.8724726507198229
Q00688,-0.05319401632149141,0.1378854323778107,0.20159708644343333
Q00764,-0.9932186244867429,3.6313496262474575e-38,3.898513205892806e-37
Q00772,-1.5480772670723302,9.773439097179615e-5,1.831605855743262e-4
Q01082,-0.014884023502907948,0.999999999999999,1
Q01477,-0.9948044858738507,6.891579810584276e-20,3.1388013500933843e-19
Q01519,-1.0207756715033423,1.8753368961883474e-13,6.140809052224589e-13
Q01581,0.037063329382943815,0.8176168739764278,0.9653402683319489
Q01970,0.047757432381620564,0.999999917024341,1
Q02046,-1.0150136649413908,1.840788775471262e-21,8.982810160822425e-21
Q02204,-1.3556112723808664,3.48849744055504e-14,1.1998196002641246e-13
Q02206,-4.037965636142429,1.790606552853216e-5,3.550503494641667e-5
Q02256,-0.9072733586476304,7.938073725426518e-10,2.1535965359776275e-9
Q02354,-1.0993858599819966,0.0016117892124000257,0.0027717610826513027
Q02413,1.4028387398871038,0.13157186841071847,0.19349561469795484
Q02455,-1.0398858641102529,2.4136753913115578e-17,9.831311959732443e-17
Q02486,-1.1165441274433379,5.617626928837807e-14,1.9102473470686026e-13
Q02753,-1.0028783077580183,1.6141093946999804e-23,8.664308643693109e-23
Q02792,-0.8512751268341389,1.7894281823591138e-9,4.751785438314043e-9
Q02809,0.016906370195283533,0.9920474665747453,1
Q02821,-1.052398228898559,1.9945391835291994e-16,7.627970465252892e-16
Q02878,0.03932221326928538,0.47888102955608036,0.6183489582670008
Q02884,-1.1463984334084392,2.574849711394685e-5,5.025972878215859e-5
Q02908,-0.5357394800826355,0.07072159031393646,0.1074767949867002
Q02931,-1.0980333285280526,1.2231563785602685e-11,3.576661550537127e-11
Q02933,-1.3338288497273385,9.592483088000287e-7,2.0625897111966285e-6
Q02939,-1.4477571746107056,0.04503672222620324,0.07014527824454245
Q03322,-1.525805441159933,2.530685917249459e-8,6.134872473590222e-8
Q03558,-1.0372143669236997,3.757012453868876e-57,7.14783508628471e-56
Q03655,-1.0062775387313523,4.774889326700949e-30,3.588329329015763e-29
Q03701,-0.046890677445993456,0.9166403853426852,1
Q03707,-1.5879293370514862,0.001218025367082733,0.002116407082919477
Q03713,-1.1670915441494718,4.674298893629915e-6,9.637134756002417e-6
Q03761,-0.8361037207250782,9.376521623275823e-6,1.8967580080462397e-5
Q03769,-1.1089588632214284,4.141855005510759e-10,1.133917681836552e-9
Q03771,-1.2998920261443263,1.8403518501726004e-4,3.410664402970923e-4
Q03862,-1.2208486361601314,2.4074874315181774e-36,2.3963268937561724e-35
Q04067,-0.9807595387365073,6.102938109130659e-12,1.8056527515794056e-11
Q04225,-1.1856841549547263,1.8803357468699968e-25,1.1082920108021982e-24
Q04401,-0.9993799429618253,0.10964926517153736,0.16284866161345915
Q04409,-1.204006238519146,3.419880779030775e-13,1.10302163323675e-12
Q04410,-0.797668031800363,6.886843059808816e-6,1.4025643792537467e-5
Q04438,-1.1567520624545884,1.169605397208901e-9,3.144752973175274e-9
Q04439,-1.1508023707730475,4.2856790014795897e-4,7.668304213361694e-4
Q04458,-0.8565054455435039,6.805239229366248e-17,2.677558785795149e-16
Q04493,-1.1932412270403583,1.15603338252036e-11,3.393590183453323e-11
Q04599,-1.236057022819587,2.391997947116307e-12,7.233748318945291e-12
Q04603,-0.9244383738617443,4.650507772756946e-11,1.333914729475895e-10
Q04632,-1.1182743036372003,0.002734476145677894,0.004649228107413885
Q04721,0.05001153400646831,0.9941097188254605,1
Q04781,-1.4983047234150098,9.93369692237683e-7,2.1329066391903393e-6
Q04869,-1.1952256822032998,1.1562295195661991e-8,2.88673250483056e-8
Q05029,-2.280060953296867,1.7153008584411956e-5,3.414698265214725e-5
Q05050,-1.111497352998383,2.4410283093041928e-64,5.917525078845486e-63
Q05506,-1.098499242992166,8.893341761118689e-92,4.9506269136894034e-90
Q05584,-1.081205068482101,9.969659956330684e-8,2.3340185224867628e-7
Q05682,-0.022354656085856052,0.9022313385835958,1
Q05775,-1.0104797499135783,1.1223704950831296e-23,6.089974202562973e-23
Q05788,-1.1247512158976463,1.6719233657827885e-7,3.854142360079036e-7
Q05812,-1.37058528660444,2.591214966848397e-17,1.0497563598849438e-16
Q05911,-1.0308067199167645,3.110387473345609e-63,7.304550581935078e-62
Q05926,-0.44560134198458534,0.06475730144740088,0.09871219480268106
Q05946,-1.2080078640428198,0.04779944729204514,0.07414093836939509
Q05948,-1.0966505554849266,2.2768143592018874e-9,6.003599968211293e-9
Q06053,-1.2679156292125815,3.3533320104725126e-9,8.719823549723505e-9
Q06205,-1.0085581448552325,8.806835352325504e-24,4.813335830743721e-23
Q06214,-0.9369844105548386,1.1346816219285037e-4,2.1159137441172966e-4
Q06287,-1.0603079566713625,2.8422868595757333e-15,1.039405632589374e-14
Q06338,-1.6976691311463339,1.1148875738887202e-4,2.0815851224282567e-4
Q06506,-0.8861631740950605,4.3344272791713714e-7,9.68000624159669e-7
Q06624,-0.9078675222139296,0.04294428593806256,0.06709486669948858
Q06839,-1.1953646336871735,5.5670813044809735e-5,1.0645449364675449e-4
Q07451,-1.206774468839578,9.968243288208574e-15,3.5419077215549614e-14
Q07505,-0.8955273684941523,7.587647548324216e-13,2.3611251066524422e-12
Q07551,-1.1433897188090345,2.418998469383795e-23,1.2757034033276646e-22
Q07623,-1.0967180036139328,1.0544519899596713e-8,2.645811921384618e-8
Q07807,-0.7412257047487723,1.37823733075595e-9,3.6793795881459907e-9
Q07824,-0.8117661008486994,1.0577966882890938e-5,2.1283379149913095e-5
Q07844,-0.6275719340559824,3.7023956208379345e-10,1.017312727261319e-9
Q07864,0.12563396118070527,0.3933325164262601,0.52409465619562845
Q07938,-0.5005802780474584,4.07320533742449e-5,7.879057428763203e-5
Q07954,-0.19519705028170337,0.9666752766542044,1
Q07960,0.006151953034553038,0.9999943290832045,1
Q08096,-1.7799900490524008,3.8590357704535576e-5,7.484039694182835e-5
Q08287,-1.0151227458703127,0.0015528857810902872,0.0026765909735994285
Q08380,0.07698906430542665,0.3849695121015306,0.5143192681676448
Q08438,-1.4305331639016337,2.860520105488064e-6,6.0215150119727735e-6
Q08554,0.6813309957331211,0.18161473884287005,0.2594742894304503
Q08645,-0.8293662539795167,0.012104421328197654,0.019753469333638515
Q08647,-1.0913689302142535,3.1401845323621e-23,1.6444938509199428e-22
Q08686,-1.1851000189814513,3.270795014513171e-9,8.519939179919056e-9
Q08962,0.0682305892006756,0.0330896667662575,0.0522413541488288
Q08965,-0.6423891159560765,4.2256422397877715e-4,7.578926356087137e-4
Q08972,-1.026774257439876,1.0501423632001662e-49,1.610575481520255e-48
Q08AD1,-0.02693119586575836,0.9999462355249492,1
Q12009,0.8775967924865641,0.020069367159665896,0.03216469056019573
Q12025,-2.9880548714941364,7.962597112029973e-6,1.615085487095958e-5
Q12029,-0.9586160026563149,1.0497716378451044e-15,3.9151532796059355e-15
Q12040,-0.9339644209870528,3.1338376422865883e-7,7.051134695144824e-7
Q12044,-1.0687413668079877,1.0312802849284424e-28,7.1429228951495345e-28
Q12072,-1.0875302271680747,2.230268919273845e-5,4.376102070063432e-5
Q12074,-1.0125579899383463,3.82831488969713e-35,3.5962232995092416e-34
Q12080,-0.2386987970799782,0.17877543945836868,0.2559203428833944
Q12122,-1.0077154414231844,1.95910778936719e-48,2.858775735358142e-47
Q12125,-1.3994903386293889,1.1515469197798753e-13,3.8376386262287195e-13
Q12149,-1.1688073538621093,6.583227767192261e-7,1.4444658881883166e-6
Q12159,-1.0229629739752344,7.53037008168813e-31,5.834095996276938e-30
Q12163,-1.1466544296442769,1.0379348518426641e-12,3.2033184441879346e-12
Q12189,-0.7165031962858517,1.0664365057668535e-8,2.6714234469459678e-8
Q12230,-1.0609817400513093,6.272827047470363e-45,8.343415090573411e-44
Q12265,-0.9779602002248502,6.030639040770816e-18,2.531857675496798e-17
Q12277,-1.479203786255579,8.380619119874513e-5,1.5864068686613844e-4
Q12287,-1.053484255961783,6.966307565531669e-7,1.5240699084416447e-6
Q12314,-0.7688717847842635,2.491771417226757e-13,8.088838963481243e-13
Q12341,-0.7440501116348801,0.0010482354090901494,0.0018298464806765326
Q12354,-1.5253257966316962,1.603753116801529e-5,3.201116778954446e-5
Q12355,-1.1015309287143076,5.1827837067988125e-14,1.770391798026958e-13
Q12373,-0.44605645473494315,0.09683814515225472,0.144823614093372
Q12387,-1.311296363066577,1.767258931669774e-5,3.5134790665339556e-5
Q12427,-1.4988599527368822,1.2472879023031028e-7,2.893014995619697e-7
Q12434,-0.9915108669994084,3.31251820327366e-19,1.4817603748572354e-18
Q12458,-0.8516220963752219,3.168603470004734e-23,1.6536149359087207e-22
Q12497,-1.4195132318032304,3.729455268656301e-9,9.664433222052449e-9
Q12500,-1.014354854506475,3.857825968012617e-6,8.008718825860448e-6
Q12514,-1.0032436486892693,7.015218848320076e-13,2.1875257114159903e-12
Q12522,-0.6334791993907444,1.2358012646734384e-7,2.8708026287545254e-7
Q12753,-2.1507091249451795,1.3208380583207146e-9,3.5387158674795616e-9
Q12906,-0.036796911815920166,0.7560135176750917,0.9126813791692071
Q12972,-0.09972068845068216,0.543517150437642,0.6899546259356216
Q13017,0.014714426870965901,0.9694006109233928,1
Q13123,0.07378150283428217,0.9998622211246557,1
Q13217,-0.0920645261921272,0.9495735150905967,1
Q13257,0.1631703630914464,0.12880665634687066,0.18980039655818295
Q13404,-0.0944750452629152,0.32862289937055017,0.44820346438651265
Q13561,0.005709356134452904,0.9999999999859192,1
Q13619,-0.00948106824838244,0.9999998058345712,1
Q13636,0.1221900692402779,0.09128155226793067,0.13710124199738172
Q13685,0.09222449947848313,0.20042600267697075,0.28365374955130607
Q14254,0.0168350435932526,0.9988272564268212,1
Q14498,0.03894816054821197,0.17800303846897464,0.25528489200273746
Q14738,-0.007641892668791487,0.9999997611174946,1
Q14764,0.006189571434485336,0.9999998349146659,1
Q14807,0.011441803918469723,0.9998315961569573,1
Q15054,0.1844355600303706,0.10718966116608972,0.15972445938143418
Q15070,-0.005708922743087332,0.9999999980922747,1
Q15084,-0.0248254152346899,0.9754115777389699,1
Q15233,1.8282410689968542e-4,1,1
Q15269,0.0034276327025222586,0.9999999999999089,1
Q15291,0.00424149865800209,0.9999998532882313,1
Q15326,-0.13126524813781879,0.7919330495161491,0.9416735549230791
Q15404,0.047541521320280625,0.9046637769071466,1
Q15528,-0.9419147770759866,0.9498410582591741,1
Q15645,0.04565365871147947,0.47842314566559646,0.6182888976228645
Q15648,0.10750522884782787,0.46474010406524136,0.6021589451810843
Q15650,-0.07182345596569614,0.7854484883772526,0.9369278397071512
Q15717,0.002935746203419842,0.9998847371746363,1
Q15758,0.010736450615915643,0.999937007177977,1
Q15813,0.0061751977599783445,0.9999999999981504,1
Q15833,0.021351172984551855,0.9999802466061312,1
Q16537,-0.020694849795470083,0.9975271240667272,1
Q16539,-0.057947716265440756,0.3493810881678663,0.470537433258336
Q16644,-0.024070445990451078,0.9573903181071443,1
Q16698,7.369456504009433e-4,0.9999986398070652,1
Q16740,-0.030432632172459975,0.945444493694032,1
Q16773,0.09426704822905524,0.8594782225590307,0.9982965753525681
Q16822,0.03068960989859549,0.9648416647458442,1
Q16851,-0.04614765395093352,0.9937523282668744,1
Q1KMD3,-0.041959831091003735,0.42698772037042254,0.5609812445076443
Q27J81,-0.04164659992261749,0.9999879088128629,1
Q2NKX8,-0.07294123480077612,0.722719156293102,0.8795521391971922
Q2V2P7,-1.4876710450683215,0.4971667619346607,0.6386680711006796
Q3E756,-1.607496682252413,2.0827613119851197e-5,4.102739517580124e-5
Q3E7Z5,-0.8010669213079364,5.968214216437803e-7,1.3133566569994172e-6
Q3ZAQ7,0.13925060736922087,0.027813189686142853,0.0441894546493369
Q3ZCW2,-0.33549411521199457,0.23057237959056828,0.32387877245291974
Q46798,4.365632887069292,0.016134029259104503,0.026046665925278267
Q46856,1.9402365249633329,1.441195325537507e-13,4.760695767654665e-13
Q46863,2.1005095911535,2.513330497278392e-16,9.58765415586148e-16
Q46919,2.0795582444942453,2.884368318307701e-6,6.058506656016719e-6
Q46920,1.648367783320615,3.1131856166134214e-8,7.534811564846976e-8
Q46948,2.3549269418508922,4.635711815842973e-10,1.266813610765816e-9
Q53H82,-0.03703520151273715,0.7785042312304519,0.9338322901351709
Q57261,5.183315135461619,4.4092688577685383e-7,9.83253871398533e-7
Q5D862,0.5782178754484981,0.32711312194803527,0.4465495206974542
Q5HYK3,-0.20093885424591015,0.06777001142906233,0.10309547285210596
Q5JRA6,0.04415486927912737,0.9911143962765976,1
Q5JVF3,0.05288623475191656,0.9836503653998827,1
Q5T0F9,-0.2572548910399809,0.7182458147905286,0.8748164178526454
Q5T1J5;Q9Y6H1,0.03756867029160634,0.37340614820992074,0.499759074585495
Q5VT52,0.05828143816422925,0.9701330083324899,1
Q5VT79,0.030289483042385587,0.6755179124209854,0.8340646883947018
Q5VZE5,-0.15494413851253952,0.08910319275267993,0.13405615486214006
Q5XPI4,-0.16793998564835252,0.7798842324025206,0.9339968137856481
Q5ZPR3,-0.07895191078583982,0.05188689929450621,0.08015006129459695
Q6DD87,-0.35401352290439614,0.13288828737105168,0.19504989835809636
Q6EMK4,-0.040367362835641456,0.9007114469353321,1
Q6IA86,0.014507568502271207,0.9999212981445441,1
Q6NZI2,-0.012547516344026427,0.9999996985499611,1
Q6P1K2,0.20781331324997854,0.901350093499411,1
Q6P1X6,-0.14553521628821461,0.782206141817255,0.934543585970854
Q6RFH5,0.027917794830617935,0.9992142089669964,1
Q6UB35,-0.004293448087946948,1,1
Q6UWE0,0.13818505710163775,0.02609702721227099,0.04150670042332624
Q6YHK3,0.11614611601407465,0.4527276060912466,0.5891338458486093
Q71U36,0.0867972036444156,0.00721275746927948,0.011965534742082845
Q71UM5,0.005002277376545763,0.9660730416292511,1
Q7L5N7,-0.16689957769603223,0.3602471167608421,0.48343876472459435
Q7L9L4;Q9H8S9,-0.1058469632208148,0.001661854797302862,0.0028545917261099444
Q7Z4H8,0.03320882848681569,0.9901384753942597,1
Q7Z6E9,0.0010036362643837113,0.9999816356372462,1
Q7Z6I8,-0.16534199959479667,0.6104511960347585,0.7652278128775997
Q7Z739,0.06619576971353029,0.42532885875227916,0.5598302230932825
Q86TC9,0.08175186780639962,0.750993315923323,0.9088107518782242
Q86TI2,0.06543767957580654,0.9961125126739908,1
Q86VS8,-0.02553759713290859,0.9999997197861301,1
Q86VW0,-0.04882500032434353,0.9548251406148718,1
Q86W56,-0.1661206126563386,0.13907979217312252,0.20284192440771295
Q86Y79,0.15730676998870655,0.8241752509133702,0.9692765274826255
Q8IU85,0.023297293697076622,0.9935434570548949,1
Q8IWA4,-0.05347587508193239,0.8831669686837703,1
Q8IX03,-1.0076989210942056,0.3057582060056888,0.4208016002316819
Q8IX18,0.8908631713923024,0.25601489122663523,0.35794454094291417
Q8IXW5,-1.0729445801832629,0.4916080262242547,0.6326086159375469
Q8IY17,-0.06915023691263716,0.6718587791316957,0.8311141934443939
Q8IYI6,-0.07365492286407385,0.5481011674104287,0.6951865439813286
Q8IZ21,0.040498992513519676,0.9956168013234735,1
Q8N108,-0.06157186661932799,0.4623930090380009,0.5996347649560961
Q8N4J0,-0.22540797169021262,0.20690498777303631,0.2919983066881442
Q8N4V1,-0.046150695371746056,0.7918300355724252,0.9416735549230791
Q8N5M1,0.0761721462109258,0.4688010908794056,0.6063752492183706
Q8N5V2,0.42121388319977576,0.08607665992105178,0.12963248483100281
Q8N766,-0.03125339119790056,0.9993219858683999,1
Q8N8A6,0.12984675262055753,0.7000326789289968,0.85959895133193
Q8N954,-0.145316557784575,0.43453647362886844,0.5684145516659611
Q8NC44,-0.0661371030457144,0.7167440835003213,0.8748164178526454
Q8NCH0,-0.24570110996935648,0.019663333754965786,0.03157477631807006
Q8NCW5,-0.19135970361902696,0.20681033309597402,0.2919983066881442
Q8NFH3,0.0012474072620984843,0.999995744756495,1
Q8NFH5,0.029547939592945414,0.8446118744036752,0.988169195079581
Q8NFJ5,0.02287229123465338,0.7648209794961013,0.9207237131948701
Q8NHP8,-0.05882901504621539,0.8965615804796043,1
Q8TDP1,-0.058178418906180515,0.7651256937993298,0.9207237131948701
Q8WUY3,-1.3019960240895418,0.557992205474017,0.7071351474093149
Q8WVX9,-0.008691119631538735,0.9999903924432865,1
Q8WWM7,-0.021077344932723056,0.9999702083604838,1
Q8WXD5,-0.06964846693074947,0.3349720126025034,0.45370513933817297
Q8WY22,0.03963914312616791,0.6347062638080924,0.7897048961122208
Q8WYA6,0.03112835616563296,0.9993311863972718,1
Q8WZA0,-0.04904195841523122,0.9442056776606038,1
Q92331,-1.3045319955473555,1.3177723709655018e-8,3.28459680524237e-8
Q92542,-0.08919370008421147,0.14793148551603963,0.21461488680560575
Q92597,-0.07218802433543416,0.8757174477804076,1
Q92665,0.00859887741808612,0.9864673168957168,1
Q92820,0.029490139099053313,0.8220132999572698,0.9674909865589479
Q92879,0.16021457725467042,0.03011072514850228,0.04773883955506216
Q92889,-0.1628807449475826,0.32896955020336155,0.448269477747645
Q93050,-0.12272291429681038,0.78325751728016,0.9350564324639241
Q93074,-0.4064621208062459,0.2802254411726492,0.38890012749999237
Q969P6,0.024604443780528902,0.8824328882870447,1
Q969S3,0.005060417032614587,0.9999978599502328,1
Q969Z0,-0.0021370029965672678,0.9999999997732937,1
Q96BZ8,-0.10315506847504483,0.7181258410200627,0.8748164178526454
Q96C36,0.05681271454811647,0.4364968723175651,0.5704824339941742
Q96C86,-0.08503199765355197,0.19138887750084255,0.2713749838526098
Q96EC8,0.04118470318140014,0.5185832615481096,0.6622180476693362
Q96EL3,0.15050799726636635,0.4410077289101261,0.5753772713124301
Q96G97,-0.2574385689537917,0.325952316887974,0.44536939298420447
Q96GD4,-0.027767864733681726,0.8593389768533469,0.9982965753525681
Q96H20,-0.07526769076288639,0.9293121248782057,1
Q96I15,0.10944231132883606,0.8349993210684804,0.9804718590358797
Q96I99,0.0052707351043370255,0.9999999997944964,1
Q96M27,-0.027155643858418684,0.9510762516226026,1
Q96N67,0.04867440826812084,0.9997228092091592,1
Q96P47,0.02055909371872834,0.9918443422209111,1
Q96PU4,0.0929366517875224,0.8945896054275091,1
Q96RS6,0.04350076079680495,0.927652604929593,1
Q96SU4,0.011047153253175929,0.9968290240810802,1
Q96TC7,0.15465753058031337,0.2391102028848481,0.3349325581881889
Q99207,-1.2276230472129241,2.1490279061484054e-5,4.227734218509232e-5
Q99257,-0.5715503556742849,0.0010396038271992692,0.001816889014279653
Q99287,-1.389108557899032,3.2807381997275496e-15,1.191050607292393e-14
Q99383,-1.0657979114937746,8.690190666503463e-33,7.296847246790338e-32
Q99519,0.0990323864787848,0.7671031424966595,0.9223648185379832
Q99536,0.027911023532491752,0.9994997200840741,1
Q99543,0.05958708682824336,0.9999992344729519,1
Q99567,-0.014574939688010633,0.9994442364907052,1
Q99598,0.04060728505924935,0.9494510197283449,1
Q99798,0.0027507098412247123,1,1
Q99816,-0.02200116226564114,0.9534503762931165,1
Q99873,-0.013542248258882532,0.9986570660296695,1
Q99961,0.0809814599158015,0.11797288694221077,0.17417804427715403
Q99986,-0.0672542310292207,0.1616678223633629,0.23296906712572815
Q9BQ15,-0.19583045130816953,0.34856142419886194,0.47027632008158843
Q9BQ61,0.04027079199286804,0.42189338907596,0.5572106887356484
Q9BQ67,0.008131357727613042,0.9999987893251775,1
Q9BQP7,0.004693676521647844,0.999917274423979,1
Q9BRU9,-0.29117176967817116,0.11927837199078004,0.17593267232791207
Q9BTE6,0.010256876598844077,0.9999942171285472,1
Q9BUL5,-0.015459576627178251,0.9880695922757423,1
Q9BVL2,0.07621699288429888,0.3084818094907715,0.4234229768626754
Q9BVV7,-0.04086576205530824,0.7131967891199856,0.8724726507198229
Q9BW27,0.08764018355692735,0.15257694701961522,0.2209278914937203
Q9BXB5,0.0012702504823751339,0.999999994798956,1
Q9BXS6,0.13523452754352255,0.20920683597011064,0.2949698634738051
Q9BXW7,-0.0955575031791846,0.4371059991405915,0.5707822039168627
Q9BY42,-0.039002701045823034,0.7534969944255551,0.9111069852144886
Q9BYC8,-0.11181372509440152,0.37775468148991675,0.5051292582556449
Q9BYT8,0.009999737459109216,0.9999972435817481,1
Q9BZE4,-0.08199633296252234,0.5025158252081795,0.6444379567302848
Q9BZL4,-0.12757030546786702,0.59300814142824,0.7458504071687404
Q9GZM5,-0.12121893240619418,0.34673857763245886,0.4686583472855986
Q9GZT9,-0.011169767555812237,0.9892735259280578,1
Q9H098,-0.07560764326973263,0.4281809726324041,0.5620576435515313
Q9H0G5,-0.06252549237308816,0.6429867101710585,0.7986851449480172
Q9H0R4,-0.1468270637443633,0.14672623055970221,0.21307200437800236
Q9H0U3,0.040570615478927284,0.3312516833813358,0.4501548644865712
Q9H0W9,0.14624717817282112,0.8395833156922861,0.9843164769777737
Q9H1A4,-0.08663085310594974,0.812944735622065,0.961334333312324
Q9H201,-0.3185181827994312,0.5116422749331405,0.6544666716804343
Q9H2W6,-0.0437123689831854,0.4486380507467484,0.5843180158339365
Q9H3F6,-0.1857329768365065,0.6789063306114527,0.8370764683420946
Q9H410,-0.03424685126941653,0.8791211954225375,1
Q9H4G0,0.07059668752378218,0.740717000758947,0.8992711245078331
Q9H4L7,0.01933964615519981,0.9991514904867894,1
Q9H553,-0.062159410933858086,0.8202714160440012,0.9668621785092701
Q9H5N1,-0.12326957735611416,0.54174573151725,0.6888695723100058
Q9H900,0.009267633640618368,0.9608758302774154,1
Q9H9A6,-0.015588828422157752,0.9991163370414484,1
Q9H9P8,0.12325968208953236,0.9117157015994889,1
Q9H9T3,-0.12686832838256568,0.3408342673857425,0.4610926227549694
Q9HC21,-0.1719584262763998,0.2794522015122117,0.38818545182334024
Q9HC35,0.024333744767626567,0.9853155835388092,1
Q9HWK6,-0.035450877018276206,0.9999998848272771,1
Q9NPL8,0.33174162625686954,0.009304967121905873,0.01533483068445672
Q9NQT5,0.06260851739447343,0.46610359664513396,0.6034054313157936
Q9NRF9,-0.05474028969537933,0.5728051699521653,0.7240758372061434
Q9NRN9,-0.1481491605224304,0.07738328606278518,0.11689153663554383
Q9NRX5,-0.05773847089613677,0.4583356467767765,0.5954005852251469
Q9NRY4,0.1131110900330781,0.9720895152911772,1
Q9NUQ7,0.009147076624662551,0.9962667845246818,1
Q9NVA1,-0.11982699380607492,0.07278601933082747,0.11027962404660654
Q9NVS2,0.003996815406208461,0.9991889021446367,1
Q9NVX2,-0.06235540323947273,0.7862291910250421,0.9371153640845664
Q9NWT1,0.001454581468074907,0.9999889584867594,1
Q9NWU5,0.049258112361804385,0.17274480862369415,0.24845497355159074
Q9NX20,-0.05723187686111525,0.6903374938456439,0.8503669709848004
Q9NX55,-0.042603779686721244,0.3062614631982699,0.4208016002316819
Q9NY26,0.08753434668681029,0.5978203269498006,0.751274206860828
Q9NYL9,-0.01814522275685055,0.9995769506775498,1
Q9NZ43,0.1388910608084437,0.18966654729407958,0.26944122928450054
Q9NZC9,-0.0398743461264589,0.9763671151635117,1
Q9NZJ7,-0.015352471050710338,0.9956369742278044,1
Q9NZL4,-0.045993178394231955,0.5831866624934564,0.7365794569140042
Q9P000,0.1486307690795821,0.13954019692868658,0.20322569378276736
Q9P0J0,-0.024678828425611723,0.9644249047455842,1
Q9UBB6,0.08429995559312427,0.22887977369213647,0.3218019643211236
Q9UBG0,-0.31115531054109724,0.9582200287679368,1
Q9UBU8,0.11209994801452121,0.15419105317698498,0.22283572396635423
Q9UDY2,0.0913577942961584,0.2670867668342791,0.3723853530166248
Q9UFN0,-0.004442776693059485,0.9994054157080925,1
Q9UHB6,-0.017042768736779127,0.9999988136409607,1
Q9UJ83,-0.032445039900025806,0.9947400404758941,1
Q9UJA5,-0.05348078319048183,0.6623736113426351,0.821408859610545
Q9UJS0,-0.020157700181490445,0.9999315378081606,1
Q9UJX3,0.04892477732862671,0.7963578923295486,0.9446929062125583
Q9UJX5,-0.11210571211384963,0.434017887453647,0.5682307359258113
Q9UKS6,0.032806264206333965,0.8510918843745332,0.992390304278451
Q9UKX7,-0.049287237373654876,0.7954199072278956,0.9446929062125583
Q9UL42,-0.5857737264404899,0.39937887349348167,0.5307395639794014
Q9ULW0,0.07529565669031452,0.1162797740412777,0.17184709968932194
Q9ULW3,-0.6897410533734873,0.3907738839780403,0.5211474246841123
Q9UM00,0.04793440653049802,0.535556458145917,0.6821536920282316
Q9UMR2,0.1615315247588407,0.9889075338676627,1
Q9UNE7,0.037745658436617854,0.5622680554341789,0.7119535697704894
Q9UPT8,-0.21778149022608226,0.9882909706010039,1
Q9Y232,0.06268176148451303,0.931719993493352,1
Q9Y281,0.08487625383918099,0.7959947452817007,0.9446929062125583
Q9Y2K7,0.011323385997597414,0.9996297897047841,1
Q9Y2W1,-0.02986026922495464,0.8538906747469465,0.9941112967813016
Q9Y2X7,0.19627041606652898,0.031137908776900047,0.049263449359663966
Q9Y3B3,0.0367649047292532,0.3532932321744945,0.4753802398910163
Q9Y3C0,0.020969747832095223,0.9707040436516874,1
Q9Y3E5,-0.053551146254543325,0.8062020304403166,0.9548633977555523
Q9Y3Z3,-0.008867188265037245,0.9999999987576036,1
Q9Y4E1,0.328262369384132,0.05267342040080524,0.0812814690579161
Q9Y4R8,-0.04480347976558061,0.9248374754596965,1
Q9Y520,-0.010213616648868301,0.9999999999758422,1
Q9Y5J1,0.057169096739270384,0.17738617062984172,0.2546431847723516
Q9Y5J7,-0.003273573188890337,0.993952281424417,1
Q9Y5K6,9.338884248218009e-4,1,1
Q9Y5P6,0.06711458674047169,0.16375992817007076,0.2357578276241536
Q9Y5S2,-0.04365103931321355,0.9999999990249658,1
Q9Y657,-0.04310448620999371,0.7044298267003797,0.8642922690046292
Q9Y6K9,0.023876504807642696,0.9971863956592332,1
Q9Y6W3,-0.66751174908139,0.07099600249102482,0.10767607643189737
